Site,Weather,Smoothing,Scaler_win,t_0,Scaler_rto
Arboleda,site,TRUE,90,12/6/2014,0.000547336
Arboleda,site,TRUE,90,12/13/2014,0.000548791
Arboleda,site,TRUE,90,12/20/2014,0.000547573
Arboleda,site,TRUE,90,12/27/2014,0.000545871
Arboleda,site,TRUE,90,1/3/2015,0.000545402
Arboleda,site,TRUE,90,1/10/2015,0.000547788
Arboleda,site,TRUE,90,1/17/2015,0.000550585
Arboleda,site,TRUE,90,1/24/2015,0.000549552
Arboleda,site,TRUE,90,1/31/2015,0.000546665
Arboleda,site,TRUE,90,2/7/2015,0.000543969
Arboleda,site,TRUE,90,2/14/2015,0.000543773
Arboleda,site,TRUE,90,2/21/2015,0.000542064
Arboleda,site,TRUE,90,2/28/2015,0.000539267
Arboleda,site,TRUE,90,3/7/2015,0.000537724
Arboleda,site,TRUE,90,3/14/2015,0.000538983
Arboleda,site,TRUE,90,3/21/2015,0.000541583
Arboleda,site,TRUE,90,3/28/2015,0.00054462
Arboleda,site,TRUE,90,4/4/2015,0.000546659
Arboleda,site,TRUE,90,4/11/2015,0.000547469
Arboleda,site,TRUE,90,4/18/2015,0.000547647
Arboleda,site,TRUE,90,4/25/2015,0.00054938
Arboleda,site,TRUE,90,5/2/2015,0.000552967
Arboleda,site,TRUE,90,5/9/2015,0.000555172
Arboleda,site,TRUE,90,5/16/2015,0.000556086
Arboleda,site,TRUE,90,5/23/2015,0.000556472
Arboleda,site,TRUE,90,5/30/2015,0.00055571
Arboleda,site,TRUE,90,6/6/2015,0.000550598
Arboleda,site,TRUE,90,6/13/2015,0.000542593
Arboleda,site,TRUE,90,6/20/2015,0.000536668
Arboleda,site,TRUE,90,6/27/2015,0.000534202
Arboleda,site,TRUE,90,7/4/2015,0.000530939
Arboleda,site,TRUE,90,7/11/2015,0.000523832
Arboleda,site,TRUE,90,7/18/2015,0.000516364
Arboleda,site,TRUE,90,7/25/2015,0.000510737
Arboleda,site,TRUE,90,8/1/2015,0.000509439
Arboleda,site,TRUE,90,8/8/2015,0.000509288
Arboleda,site,TRUE,90,8/15/2015,0.000509468
Arboleda,site,TRUE,90,8/22/2015,0.000508708
Arboleda,site,TRUE,90,8/29/2015,0.000506621
Arboleda,site,TRUE,90,9/5/2015,0.000504986
Arboleda,site,TRUE,90,9/12/2015,0.000504766
Arboleda,site,TRUE,90,9/19/2015,0.000503525
Arboleda,site,TRUE,90,9/26/2015,0.000501792
Arboleda,site,TRUE,90,10/3/2015,0.000500183
Arboleda,site,TRUE,90,10/10/2015,0.000499236
Arboleda,site,TRUE,90,10/17/2015,0.000497184
Arboleda,site,TRUE,90,10/24/2015,0.00049336
Arboleda,site,TRUE,90,10/31/2015,0.00048831
Arboleda,site,TRUE,90,11/7/2015,0.000483279
Arboleda,site,TRUE,90,11/14/2015,0.000475977
Arboleda,site,TRUE,90,11/21/2015,0.000468522
Arboleda,site,TRUE,90,11/28/2015,0.000461676
Arboleda,site,TRUE,90,12/5/2015,0.000456244
Arboleda,site,TRUE,90,12/12/2015,0.000451691
Arboleda,site,TRUE,90,12/19/2015,0.000448091
Arboleda,site,TRUE,90,12/26/2015,0.000446288
Arboleda,site,TRUE,90,1/2/2016,0.00044596
Arboleda,site,TRUE,90,1/9/2016,0.000446215
Arboleda,site,TRUE,90,1/16/2016,0.000445468
Arboleda,site,TRUE,90,1/23/2016,0.000445185
Arboleda,site,TRUE,90,1/30/2016,0.000443793
Arboleda,site,TRUE,90,2/6/2016,0.000442549
Arboleda,site,TRUE,90,2/13/2016,0.000440623
Arboleda,site,TRUE,90,2/20/2016,0.000439129
Arboleda,site,TRUE,90,2/27/2016,0.000438491
Arboleda,site,TRUE,90,3/5/2016,0.000436783
Arboleda,site,TRUE,90,3/12/2016,0.000436178
Arboleda,site,TRUE,90,3/19/2016,0.000435856
Arboleda,site,TRUE,90,3/26/2016,0.000436864
Arboleda,site,TRUE,90,4/2/2016,0.000437368
Arboleda,site,TRUE,90,4/9/2016,0.000436834
Arboleda,site,TRUE,90,4/16/2016,0.000437287
Arboleda,site,TRUE,90,4/23/2016,0.000437127
Arboleda,site,TRUE,90,4/30/2016,0.000437866
Arboleda,site,TRUE,90,5/7/2016,0.000438745
Arboleda,site,TRUE,90,5/14/2016,0.000440912
Arboleda,site,TRUE,90,5/21/2016,0.000443086
Arboleda,site,TRUE,90,5/28/2016,0.000447013
Arboleda,site,TRUE,90,6/4/2016,0.000449638
Arboleda,site,TRUE,90,6/11/2016,0.000449365
Arboleda,site,TRUE,90,6/18/2016,0.000446033
Arboleda,site,TRUE,90,6/25/2016,0.000443227
Arboleda,site,TRUE,90,7/2/2016,0.000443112
Arboleda,site,TRUE,90,7/9/2016,0.00044156
Arboleda,site,TRUE,90,7/16/2016,0.000438678
Arboleda,site,TRUE,90,7/23/2016,0.000433324
Arboleda,site,TRUE,90,7/30/2016,0.000428072
Arboleda,site,TRUE,90,8/6/2016,0.000423202
Arboleda,site,TRUE,90,8/13/2016,0.000419802
Arboleda,site,TRUE,90,8/20/2016,0.000417396
Arboleda,site,TRUE,90,8/27/2016,0.000415043
Arboleda,site,TRUE,90,9/3/2016,0.000413529
Arboleda,site,TRUE,90,9/10/2016,0.000412789
Arboleda,site,TRUE,90,9/17/2016,0.000410263
Arboleda,site,TRUE,90,9/24/2016,0.000404312
Arboleda,site,TRUE,90,10/1/2016,0.000396744
Arboleda,site,TRUE,90,10/8/2016,0.000390189
Arboleda,site,TRUE,90,10/15/2016,0.000385209
Arboleda,site,TRUE,90,10/22/2016,0.000380327
Arboleda,site,TRUE,90,10/29/2016,0.000375977
Arboleda,site,TRUE,90,11/5/2016,0.000372348
Arboleda,site,TRUE,90,11/12/2016,0.000369247
Arboleda,site,TRUE,90,11/19/2016,0.000366586
Arboleda,site,TRUE,90,11/26/2016,0.00036398
Arboleda,site,TRUE,90,12/3/2016,0.000361204
Arboleda,site,TRUE,90,12/10/2016,0.000358828
Arboleda,site,TRUE,90,12/17/2016,0.0003581
Arboleda,site,TRUE,90,12/24/2016,0.000358982
Arboleda,site,TRUE,90,12/31/2016,0.000360788
Arboleda,site,TRUE,90,1/7/2017,0.000362189
Arboleda,site,TRUE,90,1/14/2017,0.000362799
Arboleda,site,TRUE,90,1/21/2017,0.000363085
Arboleda,site,TRUE,90,1/28/2017,0.0003625
Arboleda,site,TRUE,90,2/4/2017,0.000361609
Arboleda,site,TRUE,90,2/11/2017,0.000359072
Arboleda,site,TRUE,90,2/18/2017,0.000357297
Arboleda,site,TRUE,90,2/25/2017,0.000356853
Arboleda,site,TRUE,90,3/4/2017,0.000358326
Arboleda,site,TRUE,90,3/11/2017,0.000359929
Arboleda,site,TRUE,90,3/18/2017,0.000360238
Arboleda,site,TRUE,90,3/25/2017,0.000358396
Arboleda,site,TRUE,90,4/1/2017,0.000356022
Arboleda,site,TRUE,90,4/8/2017,0.000354526
Arboleda,site,TRUE,90,4/15/2017,0.000353636
Arboleda,site,TRUE,90,4/22/2017,0.000353103
Arboleda,site,TRUE,90,4/29/2017,0.000353253
Arboleda,site,TRUE,90,5/6/2017,0.000352673
Arboleda,site,TRUE,90,5/13/2017,0.000353661
Arboleda,site,TRUE,90,5/20/2017,0.000354608
Arboleda,site,TRUE,90,5/27/2017,0.000359053
Arboleda,site,TRUE,90,6/3/2017,0.000362358
Arboleda,site,TRUE,90,6/10/2017,0.000365876
Arboleda,site,TRUE,90,6/17/2017,0.000369504
Arboleda,site,TRUE,90,6/24/2017,0.000373474
Arboleda,site,TRUE,90,7/1/2017,0.000375197
Arboleda,site,TRUE,90,7/8/2017,0.000373737
Arboleda,site,TRUE,90,7/15/2017,0.000370822
Arboleda,site,TRUE,90,7/22/2017,0.000368297
Arboleda,site,TRUE,90,7/29/2017,0.00036732
Arboleda,site,TRUE,90,8/5/2017,0.000366037
Arboleda,site,TRUE,90,8/12/2017,0.000365536
Arboleda,site,TRUE,90,8/19/2017,0.000365457
Arboleda,site,TRUE,90,8/26/2017,0.000364688
Arboleda,site,TRUE,90,9/2/2017,0.000362893
Arboleda,site,TRUE,90,9/9/2017,0.00035958
Arboleda,site,TRUE,90,9/16/2017,0.000357185
Arboleda,site,TRUE,90,9/23/2017,0.000356143
Arboleda,site,TRUE,90,9/30/2017,0.000356502
Arboleda,site,TRUE,90,10/7/2017,0.000357725
Arboleda,site,TRUE,90,10/14/2017,0.000358029
Arboleda,site,TRUE,90,10/21/2017,0.000357092
Arboleda,site,TRUE,90,10/28/2017,0.000358208
Arboleda,site,TRUE,90,11/4/2017,0.00036045
Arboleda,site,TRUE,90,11/11/2017,0.00036377
Arboleda,site,TRUE,90,11/18/2017,0.000365988
Arboleda,site,TRUE,90,11/25/2017,0.000368738
Arboleda,site,TRUE,90,12/2/2017,0.000373541
Arboleda,site,TRUE,90,12/9/2017,0.000379359
Arboleda,site,TRUE,90,12/16/2017,0.000386341
Arboleda,site,TRUE,90,12/23/2017,0.000392527
Arboleda,site,TRUE,90,12/30/2017,0.000397222
Arboleda,site,TRUE,90,1/6/2018,0.000400261
Arboleda,site,TRUE,90,1/13/2018,0.000402151
Arboleda,site,TRUE,90,1/20/2018,0.000403791
Arboleda,site,TRUE,90,1/27/2018,0.00040602
Arboleda,site,TRUE,90,2/3/2018,0.000410149
Arboleda,site,TRUE,90,2/10/2018,0.000415075
Arboleda,site,TRUE,90,2/17/2018,0.000419826
Arboleda,site,TRUE,90,2/24/2018,0.000423038
Arboleda,site,TRUE,90,3/3/2018,0.000424878
Arboleda,site,TRUE,90,3/10/2018,0.000425892
Arboleda,site,TRUE,90,3/17/2018,0.000427769
Arboleda,site,TRUE,90,3/24/2018,0.000430653
Arboleda,site,TRUE,90,3/31/2018,0.000433804
Arboleda,site,TRUE,90,4/7/2018,0.000436432
Arboleda,site,TRUE,90,4/14/2018,0.000439344
Arboleda,site,TRUE,90,4/21/2018,0.000443103
Arboleda,site,TRUE,90,4/28/2018,0.000447249
Arboleda,site,TRUE,90,5/5/2018,0.000451885
Arboleda,site,TRUE,90,5/12/2018,0.000455328
Arboleda,site,TRUE,90,5/19/2018,0.000457651
Arboleda,site,TRUE,90,5/26/2018,0.000459523
Arboleda,site,TRUE,90,6/2/2018,0.000460019
Arboleda,site,TRUE,90,6/9/2018,0.000460108
Arboleda,site,TRUE,90,6/16/2018,0.00045916
Arboleda,site,TRUE,90,6/23/2018,0.000458234
Arboleda,site,TRUE,90,6/30/2018,0.0004554
Arboleda,site,TRUE,90,7/7/2018,0.000451045
Arboleda,site,TRUE,90,7/14/2018,0.000445813
Arboleda,site,TRUE,90,7/21/2018,0.000441115
Arboleda,site,TRUE,90,7/28/2018,0.000437704
Arboleda,site,TRUE,90,8/4/2018,0.000435123
Arboleda,site,TRUE,90,8/11/2018,0.000432578
Arboleda,site,TRUE,90,8/18/2018,0.000428596
Arboleda,site,TRUE,90,8/25/2018,0.000423966
Arboleda,site,TRUE,90,9/1/2018,0.000418788
Arboleda,site,TRUE,90,9/8/2018,0.000412779
Arboleda,site,TRUE,90,9/15/2018,0.000407691
Arboleda,site,TRUE,90,9/22/2018,0.000403075
Arboleda,site,TRUE,90,9/29/2018,0.00039998
Arboleda,site,TRUE,90,10/6/2018,0.000397963
Arboleda,site,TRUE,90,10/13/2018,0.000397706
Arboleda,site,TRUE,90,10/20/2018,0.000397794
Arboleda,site,TRUE,90,10/27/2018,0.000396915
Arboleda,site,TRUE,90,11/3/2018,0.000395216
Arboleda,site,TRUE,90,11/10/2018,0.000393996
Arboleda,site,TRUE,90,11/17/2018,0.000392686
Arboleda,site,TRUE,90,11/24/2018,0.000391817
Arboleda,site,TRUE,90,12/1/2018,0.000391298
Arboleda,site,TRUE,90,12/8/2018,0.000391378
Arboleda,site,TRUE,90,12/15/2018,0.000390836
Arboleda,site,TRUE,90,12/22/2018,0.000389374
Arboleda,site,TRUE,90,12/29/2018,0.000387187
Arboleda,site,TRUE,90,1/5/2019,0.000386056
Arboleda,site,TRUE,90,1/12/2019,0.000386025
Arboleda,site,TRUE,90,1/19/2019,0.000387404
Arboleda,site,TRUE,90,1/26/2019,0.000389015
Arboleda,site,TRUE,90,2/2/2019,0.000391113
Arboleda,site,TRUE,90,2/9/2019,0.000393803
Arboleda,site,TRUE,90,2/16/2019,0.000396349
Arboleda,site,TRUE,90,2/23/2019,0.000398076
Arboleda,site,TRUE,90,3/2/2019,0.000400245
Arboleda,site,TRUE,90,3/9/2019,0.000404021
Arboleda,site,TRUE,90,3/16/2019,0.000408294
Arboleda,site,TRUE,90,3/23/2019,0.000412445
Arboleda,site,TRUE,90,3/30/2019,0.000415281
Arboleda,site,TRUE,90,4/6/2019,0.000416851
Arboleda,site,TRUE,90,4/13/2019,0.000416521
Arboleda,site,TRUE,90,4/20/2019,0.000414513
Arboleda,site,TRUE,90,4/27/2019,0.000413207
Arboleda,site,TRUE,90,5/4/2019,0.000412922
Arboleda,site,TRUE,90,5/11/2019,0.000410055
Arboleda,site,TRUE,90,5/18/2019,0.000407523
Arboleda,site,TRUE,90,5/25/2019,0.000404375
Playa,site,TRUE,90,12/6/2014,0.000734565
Playa,site,TRUE,90,12/13/2014,0.000747076
Playa,site,TRUE,90,12/20/2014,0.000754068
Playa,site,TRUE,90,12/27/2014,0.000759184
Playa,site,TRUE,90,1/3/2015,0.000764161
Playa,site,TRUE,90,1/10/2015,0.000770215
Playa,site,TRUE,90,1/17/2015,0.000774061
Playa,site,TRUE,90,1/24/2015,0.000772931
Playa,site,TRUE,90,1/31/2015,0.000770154
Playa,site,TRUE,90,2/7/2015,0.000766725
Playa,site,TRUE,90,2/14/2015,0.000764338
Playa,site,TRUE,90,2/21/2015,0.00075988
Playa,site,TRUE,90,2/28/2015,0.000755105
Playa,site,TRUE,90,3/7/2015,0.000752631
Playa,site,TRUE,90,3/14/2015,0.000752985
Playa,site,TRUE,90,3/21/2015,0.000753006
Playa,site,TRUE,90,3/28/2015,0.000753031
Playa,site,TRUE,90,4/4/2015,0.000750909
Playa,site,TRUE,90,4/11/2015,0.000748444
Playa,site,TRUE,90,4/18/2015,0.000747273
Playa,site,TRUE,90,4/25/2015,0.000749433
Playa,site,TRUE,90,5/2/2015,0.000754698
Playa,site,TRUE,90,5/9/2015,0.000754607
Playa,site,TRUE,90,5/16/2015,0.00075049
Playa,site,TRUE,90,5/23/2015,0.000745395
Playa,site,TRUE,90,5/30/2015,0.000740722
Playa,site,TRUE,90,6/6/2015,0.000734439
Playa,site,TRUE,90,6/13/2015,0.000727181
Playa,site,TRUE,90,6/20/2015,0.000724454
Playa,site,TRUE,90,6/27/2015,0.000725825
Playa,site,TRUE,90,7/4/2015,0.00072526
Playa,site,TRUE,90,7/11/2015,0.000721996
Playa,site,TRUE,90,7/18/2015,0.000719324
Playa,site,TRUE,90,7/25/2015,0.000719657
Playa,site,TRUE,90,8/1/2015,0.000722958
Playa,site,TRUE,90,8/8/2015,0.000728181
Playa,site,TRUE,90,8/15/2015,0.000733781
Playa,site,TRUE,90,8/22/2015,0.000739598
Playa,site,TRUE,90,8/29/2015,0.000745381
Playa,site,TRUE,90,9/5/2015,0.000752669
Playa,site,TRUE,90,9/12/2015,0.000763861
Playa,site,TRUE,90,9/19/2015,0.000772361
Playa,site,TRUE,90,9/26/2015,0.000779474
Playa,site,TRUE,90,10/3/2015,0.000787524
Playa,site,TRUE,90,10/10/2015,0.00079684
Playa,site,TRUE,90,10/17/2015,0.000806389
Playa,site,TRUE,90,10/24/2015,0.000811427
Playa,site,TRUE,90,10/31/2015,0.000812402
Playa,site,TRUE,90,11/7/2015,0.000810422
Playa,site,TRUE,90,11/14/2015,0.000804679
Playa,site,TRUE,90,11/21/2015,0.000803287
Playa,site,TRUE,90,11/28/2015,0.000803694
Playa,site,TRUE,90,12/5/2015,0.000804101
Playa,site,TRUE,90,12/12/2015,0.000802042
Playa,site,TRUE,90,12/19/2015,0.000800454
Playa,site,TRUE,90,12/26/2015,0.000802574
Playa,site,TRUE,90,1/2/2016,0.000803612
Playa,site,TRUE,90,1/9/2016,0.000801343
Playa,site,TRUE,90,1/16/2016,0.000794963
Playa,site,TRUE,90,1/23/2016,0.000789015
Playa,site,TRUE,90,1/30/2016,0.000783842
Playa,site,TRUE,90,2/6/2016,0.000779494
Playa,site,TRUE,90,2/13/2016,0.000776296
Playa,site,TRUE,90,2/20/2016,0.000773251
Playa,site,TRUE,90,2/27/2016,0.000770501
Playa,site,TRUE,90,3/5/2016,0.000763744
Playa,site,TRUE,90,3/12/2016,0.000756157
Playa,site,TRUE,90,3/19/2016,0.000748064
Playa,site,TRUE,90,3/26/2016,0.000742256
Playa,site,TRUE,90,4/2/2016,0.000736889
Playa,site,TRUE,90,4/9/2016,0.000729173
Playa,site,TRUE,90,4/16/2016,0.000722546
Playa,site,TRUE,90,4/23/2016,0.000717937
Playa,site,TRUE,90,4/30/2016,0.000717322
Playa,site,TRUE,90,5/7/2016,0.000716284
Playa,site,TRUE,90,5/14/2016,0.00071375
Playa,site,TRUE,90,5/21/2016,0.000712579
Playa,site,TRUE,90,5/28/2016,0.00071462
Playa,site,TRUE,90,6/4/2016,0.000714419
Playa,site,TRUE,90,6/11/2016,0.000707339
Playa,site,TRUE,90,6/18/2016,0.000695435
Playa,site,TRUE,90,6/25/2016,0.000685804
Playa,site,TRUE,90,7/2/2016,0.000682871
Playa,site,TRUE,90,7/9/2016,0.000679557
Playa,site,TRUE,90,7/16/2016,0.000675719
Playa,site,TRUE,90,7/23/2016,0.000669307
Playa,site,TRUE,90,7/30/2016,0.000667507
Playa,site,TRUE,90,8/6/2016,0.000667649
Playa,site,TRUE,90,8/13/2016,0.0006677
Playa,site,TRUE,90,8/20/2016,0.000667181
Playa,site,TRUE,90,8/27/2016,0.000667452
Playa,site,TRUE,90,9/3/2016,0.000669362
Playa,site,TRUE,90,9/10/2016,0.000671366
Playa,site,TRUE,90,9/17/2016,0.000671635
Playa,site,TRUE,90,9/24/2016,0.000670378
Playa,site,TRUE,90,10/1/2016,0.000671707
Playa,site,TRUE,90,10/8/2016,0.000672921
Playa,site,TRUE,90,10/15/2016,0.000675633
Playa,site,TRUE,90,10/22/2016,0.000672928
Playa,site,TRUE,90,10/29/2016,0.000670915
Playa,site,TRUE,90,11/5/2016,0.000668179
Playa,site,TRUE,90,11/12/2016,0.000667008
Playa,site,TRUE,90,11/19/2016,0.000670292
Playa,site,TRUE,90,11/26/2016,0.000674495
Playa,site,TRUE,90,12/3/2016,0.000677931
Playa,site,TRUE,90,12/10/2016,0.00067697
Playa,site,TRUE,90,12/17/2016,0.000676131
Playa,site,TRUE,90,12/24/2016,0.000681261
Playa,site,TRUE,90,12/31/2016,0.000689289
Playa,site,TRUE,90,1/7/2017,0.000697634
Playa,site,TRUE,90,1/14/2017,0.000701447
Playa,site,TRUE,90,1/21/2017,0.00070328
Playa,site,TRUE,90,1/28/2017,0.000703258
Playa,site,TRUE,90,2/4/2017,0.000701815
Playa,site,TRUE,90,2/11/2017,0.000697883
Playa,site,TRUE,90,2/18/2017,0.000693249
Playa,site,TRUE,90,2/25/2017,0.000689839
Playa,site,TRUE,90,3/4/2017,0.000687956
Playa,site,TRUE,90,3/11/2017,0.000684899
Playa,site,TRUE,90,3/18/2017,0.00067922
Playa,site,TRUE,90,3/25/2017,0.00066909
Playa,site,TRUE,90,4/1/2017,0.000660796
Playa,site,TRUE,90,4/8/2017,0.000654466
Playa,site,TRUE,90,4/15/2017,0.000652432
Playa,site,TRUE,90,4/22/2017,0.000653579
Playa,site,TRUE,90,4/29/2017,0.000655124
Playa,site,TRUE,90,5/6/2017,0.000654926
Playa,site,TRUE,90,5/13/2017,0.000653734
Playa,site,TRUE,90,5/20/2017,0.000654087
Playa,site,TRUE,90,5/27/2017,0.000658325
Playa,site,TRUE,90,6/3/2017,0.000659364
Playa,site,TRUE,90,6/10/2017,0.000662591
Playa,site,TRUE,90,6/17/2017,0.000668259
Playa,site,TRUE,90,6/24/2017,0.000677102
Playa,site,TRUE,90,7/1/2017,0.000679771
Playa,site,TRUE,90,7/8/2017,0.000675432
Playa,site,TRUE,90,7/15/2017,0.000669269
Playa,site,TRUE,90,7/22/2017,0.000665876
Playa,site,TRUE,90,7/29/2017,0.000664251
Playa,site,TRUE,90,8/5/2017,0.000662758
Playa,site,TRUE,90,8/12/2017,0.000661777
Playa,site,TRUE,90,8/19/2017,0.00066402
Playa,site,TRUE,90,8/26/2017,0.000664775
Playa,site,TRUE,90,9/2/2017,0.000665032
Playa,site,TRUE,90,9/9/2017,0.000662152
Playa,site,TRUE,90,9/16/2017,0.000661538
Playa,site,TRUE,90,9/23/2017,0.000663776
Playa,site,TRUE,90,9/30/2017,0.000668334
Playa,site,TRUE,90,10/7/2017,0.00067286
Playa,site,TRUE,90,10/14/2017,0.000674456
Playa,site,TRUE,90,10/21/2017,0.000673731
Playa,site,TRUE,90,10/28/2017,0.000677409
Playa,site,TRUE,90,11/4/2017,0.000681246
Playa,site,TRUE,90,11/11/2017,0.000685463
Playa,site,TRUE,90,11/18/2017,0.000685174
Playa,site,TRUE,90,11/25/2017,0.000685575
Playa,site,TRUE,90,12/2/2017,0.000687155
Playa,site,TRUE,90,12/9/2017,0.000690289
Playa,site,TRUE,90,12/16/2017,0.000695835
Playa,site,TRUE,90,12/23/2017,0.000702252
Playa,site,TRUE,90,12/30/2017,0.000707221
Playa,site,TRUE,90,1/6/2018,0.00070955
Playa,site,TRUE,90,1/13/2018,0.000709439
Playa,site,TRUE,90,1/20/2018,0.000709712
Playa,site,TRUE,90,1/27/2018,0.000710657
Playa,site,TRUE,90,2/3/2018,0.00071448
Playa,site,TRUE,90,2/10/2018,0.000716543
Playa,site,TRUE,90,2/17/2018,0.000717971
Playa,site,TRUE,90,2/24/2018,0.000718703
Playa,site,TRUE,90,3/3/2018,0.000720072
Playa,site,TRUE,90,3/10/2018,0.000720064
Playa,site,TRUE,90,3/17/2018,0.000720593
Playa,site,TRUE,90,3/24/2018,0.000721523
Playa,site,TRUE,90,3/31/2018,0.000723108
Playa,site,TRUE,90,4/7/2018,0.000722631
Playa,site,TRUE,90,4/14/2018,0.000720162
Playa,site,TRUE,90,4/21/2018,0.000719483
Playa,site,TRUE,90,4/28/2018,0.000717891
Playa,site,TRUE,90,5/5/2018,0.000718661
Playa,site,TRUE,90,5/12/2018,0.000715212
Playa,site,TRUE,90,5/19/2018,0.0007136
Playa,site,TRUE,90,5/26/2018,0.000714343
Playa,site,TRUE,90,6/2/2018,0.000710692
Playa,site,TRUE,90,6/9/2018,0.000703615
Playa,site,TRUE,90,6/16/2018,0.000691933
Playa,site,TRUE,90,6/23/2018,0.000683633
Playa,site,TRUE,90,6/30/2018,0.0006753
Playa,site,TRUE,90,7/7/2018,0.000664704
Playa,site,TRUE,90,7/14/2018,0.000652796
Playa,site,TRUE,90,7/21/2018,0.000640957
Playa,site,TRUE,90,7/28/2018,0.00063315
Playa,site,TRUE,90,8/4/2018,0.000626722
Playa,site,TRUE,90,8/11/2018,0.000620411
Playa,site,TRUE,90,8/18/2018,0.000611222
Playa,site,TRUE,90,8/25/2018,0.000602706
Playa,site,TRUE,90,9/1/2018,0.000593638
Playa,site,TRUE,90,9/8/2018,0.000583789
Playa,site,TRUE,90,9/15/2018,0.000575957
Playa,site,TRUE,90,9/22/2018,0.000569673
Playa,site,TRUE,90,9/29/2018,0.000566331
Playa,site,TRUE,90,10/6/2018,0.000563664
Playa,site,TRUE,90,10/13/2018,0.000561541
Playa,site,TRUE,90,10/20/2018,0.000558809
Playa,site,TRUE,90,10/27/2018,0.000551981
Playa,site,TRUE,90,11/3/2018,0.000543281
Playa,site,TRUE,90,11/10/2018,0.00053423
Playa,site,TRUE,90,11/17/2018,0.000526716
Playa,site,TRUE,90,11/24/2018,0.000520664
Playa,site,TRUE,90,12/1/2018,0.000514873
Playa,site,TRUE,90,12/8/2018,0.000510166
Playa,site,TRUE,90,12/15/2018,0.000506359
Playa,site,TRUE,90,12/22/2018,0.0004995
Playa,site,TRUE,90,12/29/2018,0.000490419
Playa,site,TRUE,90,1/5/2019,0.000480582
Playa,site,TRUE,90,1/12/2019,0.000474672
Playa,site,TRUE,90,1/19/2019,0.000471431
Playa,site,TRUE,90,1/26/2019,0.000468806
Playa,site,TRUE,90,2/2/2019,0.00046734
Playa,site,TRUE,90,2/9/2019,0.000467975
Playa,site,TRUE,90,2/16/2019,0.000468587
Playa,site,TRUE,90,2/23/2019,0.000467975
Playa,site,TRUE,90,3/2/2019,0.000465175
Playa,site,TRUE,90,3/9/2019,0.000463562
Playa,site,TRUE,90,3/16/2019,0.000461524
Playa,site,TRUE,90,3/23/2019,0.000460771
Playa,site,TRUE,90,3/30/2019,0.000458442
Playa,site,TRUE,90,4/6/2019,0.000453794
Playa,site,TRUE,90,4/13/2019,0.000446162
Playa,site,TRUE,90,4/20/2019,0.000437881
Playa,site,TRUE,90,4/27/2019,0.000433596
Playa,site,TRUE,90,5/4/2019,0.000432138
Playa,site,TRUE,90,5/11/2019,0.000424071
Playa,site,TRUE,90,5/18/2019,0.000413995
Playa,site,TRUE,90,5/25/2019,0.000403649
La_Margarita,site,TRUE,90,4/9/2016,7.94E-05
La_Margarita,site,TRUE,90,4/16/2016,7.93E-05
La_Margarita,site,TRUE,90,4/23/2016,7.90E-05
La_Margarita,site,TRUE,90,4/30/2016,7.87E-05
La_Margarita,site,TRUE,90,5/7/2016,7.81E-05
La_Margarita,site,TRUE,90,5/14/2016,7.77E-05
La_Margarita,site,TRUE,90,5/21/2016,7.73E-05
La_Margarita,site,TRUE,90,5/28/2016,7.69E-05
La_Margarita,site,TRUE,90,6/4/2016,7.65E-05
La_Margarita,site,TRUE,90,6/11/2016,7.62E-05
La_Margarita,site,TRUE,90,6/18/2016,7.61E-05
La_Margarita,site,TRUE,90,6/25/2016,7.60E-05
La_Margarita,site,TRUE,90,7/2/2016,7.59E-05
La_Margarita,site,TRUE,90,7/9/2016,7.58E-05
La_Margarita,site,TRUE,90,7/16/2016,7.55E-05
La_Margarita,site,TRUE,90,7/23/2016,7.53E-05
La_Margarita,site,TRUE,90,7/30/2016,7.51E-05
La_Margarita,site,TRUE,90,8/6/2016,7.48E-05
La_Margarita,site,TRUE,90,8/13/2016,7.45E-05
La_Margarita,site,TRUE,90,8/20/2016,7.42E-05
La_Margarita,site,TRUE,90,8/27/2016,7.41E-05
La_Margarita,site,TRUE,90,9/3/2016,7.41E-05
La_Margarita,site,TRUE,90,9/10/2016,7.40E-05
La_Margarita,site,TRUE,90,9/17/2016,7.37E-05
La_Margarita,site,TRUE,90,9/24/2016,7.32E-05
La_Margarita,site,TRUE,90,10/1/2016,7.27E-05
La_Margarita,site,TRUE,90,10/8/2016,7.22E-05
La_Margarita,site,TRUE,90,10/15/2016,7.18E-05
La_Margarita,site,TRUE,90,10/22/2016,7.14E-05
La_Margarita,site,TRUE,90,10/29/2016,7.14E-05
La_Margarita,site,TRUE,90,11/5/2016,7.14E-05
La_Margarita,site,TRUE,90,11/12/2016,7.13E-05
La_Margarita,site,TRUE,90,11/19/2016,7.12E-05
La_Margarita,site,TRUE,90,11/26/2016,7.13E-05
La_Margarita,site,TRUE,90,12/3/2016,7.15E-05
La_Margarita,site,TRUE,90,12/10/2016,7.14E-05
La_Margarita,site,TRUE,90,12/17/2016,7.12E-05
La_Margarita,site,TRUE,90,12/24/2016,7.12E-05
La_Margarita,site,TRUE,90,12/31/2016,7.12E-05
La_Margarita,site,TRUE,90,1/7/2017,7.11E-05
La_Margarita,site,TRUE,90,1/14/2017,7.09E-05
La_Margarita,site,TRUE,90,1/21/2017,7.07E-05
La_Margarita,site,TRUE,90,1/28/2017,7.04E-05
La_Margarita,site,TRUE,90,2/4/2017,7.03E-05
La_Margarita,site,TRUE,90,2/11/2017,7.00E-05
La_Margarita,site,TRUE,90,2/18/2017,6.98E-05
La_Margarita,site,TRUE,90,2/25/2017,6.94E-05
La_Margarita,site,TRUE,90,3/4/2017,6.92E-05
La_Margarita,site,TRUE,90,3/11/2017,6.89E-05
La_Margarita,site,TRUE,90,3/18/2017,6.87E-05
La_Margarita,site,TRUE,90,3/25/2017,6.85E-05
La_Margarita,site,TRUE,90,4/1/2017,6.83E-05
La_Margarita,site,TRUE,90,4/8/2017,6.83E-05
La_Margarita,site,TRUE,90,4/15/2017,6.84E-05
La_Margarita,site,TRUE,90,4/22/2017,6.84E-05
La_Margarita,site,TRUE,90,4/29/2017,6.83E-05
La_Margarita,site,TRUE,90,5/6/2017,6.83E-05
La_Margarita,site,TRUE,90,5/13/2017,6.83E-05
La_Margarita,site,TRUE,90,5/20/2017,6.83E-05
La_Margarita,site,TRUE,90,5/27/2017,6.84E-05
La_Margarita,site,TRUE,90,6/3/2017,6.84E-05
La_Margarita,site,TRUE,90,6/10/2017,6.84E-05
La_Margarita,site,TRUE,90,6/17/2017,6.83E-05
La_Margarita,site,TRUE,90,6/24/2017,6.83E-05
La_Margarita,site,TRUE,90,7/1/2017,6.82E-05
La_Margarita,site,TRUE,90,7/8/2017,6.80E-05
La_Margarita,site,TRUE,90,7/15/2017,6.79E-05
La_Margarita,site,TRUE,90,7/22/2017,6.77E-05
La_Margarita,site,TRUE,90,7/29/2017,6.74E-05
La_Margarita,site,TRUE,90,8/5/2017,6.71E-05
La_Margarita,site,TRUE,90,8/12/2017,6.67E-05
La_Margarita,site,TRUE,90,8/19/2017,6.63E-05
La_Margarita,site,TRUE,90,8/26/2017,6.59E-05
La_Margarita,site,TRUE,90,9/2/2017,6.57E-05
La_Margarita,site,TRUE,90,9/9/2017,6.56E-05
La_Margarita,site,TRUE,90,9/16/2017,6.57E-05
La_Margarita,site,TRUE,90,9/23/2017,6.59E-05
La_Margarita,site,TRUE,90,9/30/2017,6.64E-05
La_Margarita,site,TRUE,90,10/7/2017,6.69E-05
La_Margarita,site,TRUE,90,10/14/2017,6.71E-05
La_Margarita,site,TRUE,90,10/21/2017,6.69E-05
La_Margarita,site,TRUE,90,10/28/2017,6.80E-05
La_Margarita,site,TRUE,90,11/4/2017,6.95E-05
La_Margarita,site,TRUE,90,11/11/2017,7.12E-05
La_Margarita,site,TRUE,90,11/18/2017,7.17E-05
La_Margarita,site,TRUE,90,11/25/2017,7.21E-05
La_Margarita,site,TRUE,90,12/2/2017,7.28E-05
La_Margarita,site,TRUE,90,12/9/2017,7.34E-05
La_Margarita,site,TRUE,90,12/16/2017,7.39E-05
La_Margarita,site,TRUE,90,12/23/2017,7.43E-05
La_Margarita,site,TRUE,90,12/30/2017,7.47E-05
La_Margarita,site,TRUE,90,1/6/2018,7.53E-05
La_Margarita,site,TRUE,90,1/13/2018,7.57E-05
La_Margarita,site,TRUE,90,1/20/2018,7.58E-05
La_Margarita,site,TRUE,90,1/27/2018,7.58E-05
La_Margarita,site,TRUE,90,2/3/2018,7.57E-05
La_Margarita,site,TRUE,90,2/10/2018,7.56E-05
La_Margarita,site,TRUE,90,2/17/2018,7.56E-05
La_Margarita,site,TRUE,90,2/24/2018,7.56E-05
La_Margarita,site,TRUE,90,3/3/2018,7.57E-05
La_Margarita,site,TRUE,90,3/10/2018,7.57E-05
La_Margarita,site,TRUE,90,3/17/2018,7.59E-05
La_Margarita,site,TRUE,90,3/24/2018,7.61E-05
La_Margarita,site,TRUE,90,3/31/2018,7.63E-05
La_Margarita,site,TRUE,90,4/7/2018,7.62E-05
La_Margarita,site,TRUE,90,4/14/2018,7.61E-05
La_Margarita,site,TRUE,90,4/21/2018,7.61E-05
La_Margarita,site,TRUE,90,4/28/2018,7.61E-05
La_Margarita,site,TRUE,90,5/5/2018,7.62E-05
La_Margarita,site,TRUE,90,5/12/2018,7.62E-05
La_Margarita,site,TRUE,90,5/19/2018,7.61E-05
La_Margarita,site,TRUE,90,5/26/2018,7.61E-05
La_Margarita,site,TRUE,90,6/2/2018,7.60E-05
La_Margarita,site,TRUE,90,6/9/2018,7.57E-05
La_Margarita,site,TRUE,90,6/16/2018,7.53E-05
La_Margarita,site,TRUE,90,6/23/2018,7.50E-05
La_Margarita,site,TRUE,90,6/30/2018,7.46E-05
La_Margarita,site,TRUE,90,7/7/2018,7.43E-05
La_Margarita,site,TRUE,90,7/14/2018,7.41E-05
La_Margarita,site,TRUE,90,7/21/2018,7.37E-05
La_Margarita,site,TRUE,90,7/28/2018,7.32E-05
La_Margarita,site,TRUE,90,8/4/2018,7.27E-05
La_Margarita,site,TRUE,90,8/11/2018,7.25E-05
La_Margarita,site,TRUE,90,8/18/2018,7.21E-05
La_Margarita,site,TRUE,90,8/25/2018,7.17E-05
La_Margarita,site,TRUE,90,9/1/2018,7.14E-05
La_Margarita,site,TRUE,90,9/8/2018,7.12E-05
La_Margarita,site,TRUE,90,9/15/2018,7.12E-05
La_Margarita,site,TRUE,90,9/22/2018,7.11E-05
La_Margarita,site,TRUE,90,9/29/2018,7.14E-05
La_Margarita,site,TRUE,90,10/6/2018,7.14E-05
La_Margarita,site,TRUE,90,10/13/2018,7.14E-05
La_Margarita,site,TRUE,90,10/20/2018,7.12E-05
La_Margarita,site,TRUE,90,10/27/2018,7.13E-05
La_Margarita,site,TRUE,90,11/3/2018,7.13E-05
La_Margarita,site,TRUE,90,11/10/2018,7.14E-05
La_Margarita,site,TRUE,90,11/17/2018,7.12E-05
La_Margarita,site,TRUE,90,11/24/2018,7.10E-05
La_Margarita,site,TRUE,90,12/1/2018,7.08E-05
La_Margarita,site,TRUE,90,12/8/2018,7.08E-05
La_Margarita,site,TRUE,90,12/15/2018,7.08E-05
La_Margarita,site,TRUE,90,12/22/2018,7.09E-05
La_Margarita,site,TRUE,90,12/29/2018,7.08E-05
La_Margarita,site,TRUE,90,1/5/2019,7.07E-05
La_Margarita,site,TRUE,90,1/12/2019,7.07E-05
La_Margarita,site,TRUE,90,1/19/2019,7.08E-05
La_Margarita,site,TRUE,90,1/26/2019,7.09E-05
La_Margarita,site,TRUE,90,2/2/2019,7.12E-05
La_Margarita,site,TRUE,90,2/9/2019,7.15E-05
La_Margarita,site,TRUE,90,2/16/2019,7.17E-05
La_Margarita,site,TRUE,90,2/23/2019,7.19E-05
La_Margarita,site,TRUE,90,3/2/2019,7.21E-05
La_Margarita,site,TRUE,90,3/9/2019,7.24E-05
La_Margarita,site,TRUE,90,3/16/2019,7.27E-05
La_Margarita,site,TRUE,90,3/23/2019,7.32E-05
La_Margarita,site,TRUE,90,3/30/2019,7.35E-05
La_Margarita,site,TRUE,90,4/6/2019,7.36E-05
La_Margarita,site,TRUE,90,4/13/2019,7.36E-05
La_Margarita,site,TRUE,90,4/20/2019,7.36E-05
La_Margarita,site,TRUE,90,4/27/2019,7.38E-05
La_Margarita,site,TRUE,90,5/4/2019,7.40E-05
La_Margarita,site,TRUE,90,5/11/2019,7.44E-05
La_Margarita,site,TRUE,90,5/18/2019,7.48E-05
La_Margarita,site,TRUE,90,5/25/2019,7.53E-05
Villodas,site,TRUE,90,12/6/2014,5.57E-05
Villodas,site,TRUE,90,12/13/2014,5.66E-05
Villodas,site,TRUE,90,12/20/2014,5.71E-05
Villodas,site,TRUE,90,12/27/2014,5.76E-05
Villodas,site,TRUE,90,1/3/2015,5.79E-05
Villodas,site,TRUE,90,1/10/2015,5.82E-05
Villodas,site,TRUE,90,1/17/2015,5.83E-05
Villodas,site,TRUE,90,1/24/2015,5.82E-05
Villodas,site,TRUE,90,1/31/2015,5.81E-05
Villodas,site,TRUE,90,2/7/2015,5.80E-05
Villodas,site,TRUE,90,2/14/2015,5.79E-05
Villodas,site,TRUE,90,2/21/2015,5.78E-05
Villodas,site,TRUE,90,2/28/2015,5.79E-05
Villodas,site,TRUE,90,3/7/2015,5.82E-05
Villodas,site,TRUE,90,3/14/2015,5.89E-05
Villodas,site,TRUE,90,3/21/2015,5.96E-05
Villodas,site,TRUE,90,3/28/2015,5.99E-05
Villodas,site,TRUE,90,4/4/2015,5.97E-05
Villodas,site,TRUE,90,4/11/2015,5.92E-05
Villodas,site,TRUE,90,4/18/2015,5.88E-05
Villodas,site,TRUE,90,4/25/2015,5.91E-05
Villodas,site,TRUE,90,5/2/2015,5.95E-05
Villodas,site,TRUE,90,5/9/2015,6.04E-05
Villodas,site,TRUE,90,5/16/2015,6.13E-05
Villodas,site,TRUE,90,5/23/2015,6.29E-05
Villodas,site,TRUE,90,5/30/2015,6.42E-05
Villodas,site,TRUE,90,6/6/2015,6.51E-05
Villodas,site,TRUE,90,6/13/2015,6.56E-05
Villodas,site,TRUE,90,6/20/2015,6.64E-05
Villodas,site,TRUE,90,6/27/2015,6.76E-05
Villodas,site,TRUE,90,7/4/2015,6.92E-05
Villodas,site,TRUE,90,7/11/2015,7.08E-05
Villodas,site,TRUE,90,7/18/2015,7.22E-05
Villodas,site,TRUE,90,7/25/2015,7.29E-05
Villodas,site,TRUE,90,8/1/2015,7.37E-05
Villodas,site,TRUE,90,8/8/2015,7.47E-05
Villodas,site,TRUE,90,8/15/2015,7.56E-05
Villodas,site,TRUE,90,8/22/2015,7.59E-05
Villodas,site,TRUE,90,8/29/2015,7.58E-05
Villodas,site,TRUE,90,9/5/2015,7.59E-05
Villodas,site,TRUE,90,9/12/2015,7.60E-05
Villodas,site,TRUE,90,9/19/2015,7.64E-05
Villodas,site,TRUE,90,9/26/2015,7.67E-05
Villodas,site,TRUE,90,10/3/2015,7.71E-05
Villodas,site,TRUE,90,10/10/2015,7.73E-05
Villodas,site,TRUE,90,10/17/2015,7.74E-05
Villodas,site,TRUE,90,10/24/2015,7.75E-05
Villodas,site,TRUE,90,10/31/2015,7.79E-05
Villodas,site,TRUE,90,11/7/2015,7.85E-05
Villodas,site,TRUE,90,11/14/2015,7.90E-05
Villodas,site,TRUE,90,11/21/2015,7.95E-05
Villodas,site,TRUE,90,11/28/2015,8.03E-05
Villodas,site,TRUE,90,12/5/2015,8.08E-05
Villodas,site,TRUE,90,12/12/2015,8.12E-05
Villodas,site,TRUE,90,12/19/2015,8.15E-05
Villodas,site,TRUE,90,12/26/2015,8.20E-05
Villodas,site,TRUE,90,1/2/2016,8.27E-05
Villodas,site,TRUE,90,1/9/2016,8.38E-05
Villodas,site,TRUE,90,1/16/2016,8.51E-05
Villodas,site,TRUE,90,1/23/2016,8.65E-05
Villodas,site,TRUE,90,1/30/2016,8.73E-05
Villodas,site,TRUE,90,2/6/2016,8.79E-05
Villodas,site,TRUE,90,2/13/2016,8.82E-05
Villodas,site,TRUE,90,2/20/2016,8.88E-05
Villodas,site,TRUE,90,2/27/2016,8.94E-05
Villodas,site,TRUE,90,3/5/2016,9.00E-05
Villodas,site,TRUE,90,3/12/2016,9.07E-05
Villodas,site,TRUE,90,3/19/2016,9.14E-05
Villodas,site,TRUE,90,3/26/2016,9.22E-05
Villodas,site,TRUE,90,4/2/2016,9.28E-05
Villodas,site,TRUE,90,4/9/2016,9.32E-05
Villodas,site,TRUE,90,4/16/2016,9.36E-05
Villodas,site,TRUE,90,4/23/2016,9.39E-05
Villodas,site,TRUE,90,4/30/2016,9.44E-05
Villodas,site,TRUE,90,5/7/2016,9.49E-05
Villodas,site,TRUE,90,5/14/2016,9.57E-05
Villodas,site,TRUE,90,5/21/2016,9.65E-05
Villodas,site,TRUE,90,5/28/2016,9.74E-05
Villodas,site,TRUE,90,6/4/2016,9.77E-05
Villodas,site,TRUE,90,6/11/2016,9.73E-05
Villodas,site,TRUE,90,6/18/2016,9.63E-05
Villodas,site,TRUE,90,6/25/2016,9.52E-05
Villodas,site,TRUE,90,7/2/2016,9.45E-05
Villodas,site,TRUE,90,7/9/2016,9.39E-05
Villodas,site,TRUE,90,7/16/2016,9.36E-05
Villodas,site,TRUE,90,7/23/2016,9.31E-05
Villodas,site,TRUE,90,7/30/2016,9.26E-05
Villodas,site,TRUE,90,8/6/2016,9.22E-05
Villodas,site,TRUE,90,8/13/2016,9.18E-05
Villodas,site,TRUE,90,8/20/2016,9.16E-05
Villodas,site,TRUE,90,8/27/2016,9.16E-05
Villodas,site,TRUE,90,9/3/2016,9.16E-05
Villodas,site,TRUE,90,9/10/2016,9.14E-05
Villodas,site,TRUE,90,9/17/2016,9.09E-05
Villodas,site,TRUE,90,9/24/2016,9.01E-05
Villodas,site,TRUE,90,10/1/2016,8.94E-05
Villodas,site,TRUE,90,10/8/2016,8.86E-05
Villodas,site,TRUE,90,10/15/2016,8.80E-05
Villodas,site,TRUE,90,10/22/2016,8.71E-05
Villodas,site,TRUE,90,10/29/2016,8.64E-05
Villodas,site,TRUE,90,11/5/2016,8.57E-05
Villodas,site,TRUE,90,11/12/2016,8.50E-05
Villodas,site,TRUE,90,11/19/2016,8.40E-05
Villodas,site,TRUE,90,11/26/2016,8.27E-05
Villodas,site,TRUE,90,12/3/2016,8.13E-05
Villodas,site,TRUE,90,12/10/2016,8.00E-05
Villodas,site,TRUE,90,12/17/2016,7.91E-05
Villodas,site,TRUE,90,12/24/2016,7.86E-05
Villodas,site,TRUE,90,12/31/2016,7.82E-05
Villodas,site,TRUE,90,1/7/2017,7.77E-05
Villodas,site,TRUE,90,1/14/2017,7.68E-05
Villodas,site,TRUE,90,1/21/2017,7.57E-05
Villodas,site,TRUE,90,1/28/2017,7.47E-05
Villodas,site,TRUE,90,2/4/2017,7.40E-05
Villodas,site,TRUE,90,2/11/2017,7.32E-05
Villodas,site,TRUE,90,2/18/2017,7.23E-05
Villodas,site,TRUE,90,2/25/2017,7.17E-05
Villodas,site,TRUE,90,3/4/2017,7.15E-05
Villodas,site,TRUE,90,3/11/2017,7.16E-05
Villodas,site,TRUE,90,3/18/2017,7.13E-05
Villodas,site,TRUE,90,3/25/2017,7.10E-05
Villodas,site,TRUE,90,4/1/2017,7.05E-05
Villodas,site,TRUE,90,4/8/2017,7.03E-05
Villodas,site,TRUE,90,4/15/2017,7.00E-05
Villodas,site,TRUE,90,4/22/2017,7.00E-05
Villodas,site,TRUE,90,4/29/2017,7.01E-05
Villodas,site,TRUE,90,5/6/2017,7.02E-05
Villodas,site,TRUE,90,5/13/2017,7.01E-05
Villodas,site,TRUE,90,5/20/2017,7.04E-05
Villodas,site,TRUE,90,5/27/2017,7.06E-05
Villodas,site,TRUE,90,6/3/2017,7.07E-05
Villodas,site,TRUE,90,6/10/2017,7.02E-05
Villodas,site,TRUE,90,6/17/2017,6.99E-05
Villodas,site,TRUE,90,6/24/2017,6.96E-05
Villodas,site,TRUE,90,7/1/2017,6.92E-05
Villodas,site,TRUE,90,7/8/2017,6.82E-05
Villodas,site,TRUE,90,7/15/2017,6.70E-05
Villodas,site,TRUE,90,7/22/2017,6.56E-05
Villodas,site,TRUE,90,7/29/2017,6.44E-05
Villodas,site,TRUE,90,8/5/2017,6.33E-05
Villodas,site,TRUE,90,8/12/2017,6.24E-05
Villodas,site,TRUE,90,8/19/2017,6.17E-05
Villodas,site,TRUE,90,8/26/2017,6.11E-05
Villodas,site,TRUE,90,9/2/2017,6.03E-05
Villodas,site,TRUE,90,9/9/2017,5.96E-05
Villodas,site,TRUE,90,9/16/2017,5.88E-05
Villodas,site,TRUE,90,9/23/2017,5.81E-05
Villodas,site,TRUE,90,9/30/2017,5.76E-05
Villodas,site,TRUE,90,10/7/2017,5.72E-05
Villodas,site,TRUE,90,10/14/2017,5.69E-05
Villodas,site,TRUE,90,10/21/2017,5.69E-05
Villodas,site,TRUE,90,10/28/2017,5.83E-05
Villodas,site,TRUE,90,11/4/2017,5.99E-05
Villodas,site,TRUE,90,11/11/2017,6.15E-05
Villodas,site,TRUE,90,11/18/2017,6.19E-05
Villodas,site,TRUE,90,11/25/2017,6.24E-05
Villodas,site,TRUE,90,12/2/2017,6.34E-05
Villodas,site,TRUE,90,12/9/2017,6.48E-05
Villodas,site,TRUE,90,12/16/2017,6.60E-05
Villodas,site,TRUE,90,12/23/2017,6.70E-05
Villodas,site,TRUE,90,12/30/2017,6.77E-05
Villodas,site,TRUE,90,1/6/2018,6.84E-05
Villodas,site,TRUE,90,1/13/2018,6.87E-05
Villodas,site,TRUE,90,1/20/2018,6.87E-05
Villodas,site,TRUE,90,1/27/2018,6.88E-05
Villodas,site,TRUE,90,2/3/2018,6.92E-05
Villodas,site,TRUE,90,2/10/2018,6.99E-05
Villodas,site,TRUE,90,2/17/2018,7.06E-05
Villodas,site,TRUE,90,2/24/2018,7.13E-05
Villodas,site,TRUE,90,3/3/2018,7.18E-05
Villodas,site,TRUE,90,3/10/2018,7.21E-05
Villodas,site,TRUE,90,3/17/2018,7.24E-05
Villodas,site,TRUE,90,3/24/2018,7.29E-05
Villodas,site,TRUE,90,3/31/2018,7.33E-05
Villodas,site,TRUE,90,4/7/2018,7.37E-05
Villodas,site,TRUE,90,4/14/2018,7.39E-05
Villodas,site,TRUE,90,4/21/2018,7.45E-05
Villodas,site,TRUE,90,4/28/2018,7.51E-05
Villodas,site,TRUE,90,5/5/2018,7.58E-05
Villodas,site,TRUE,90,5/12/2018,7.61E-05
Villodas,site,TRUE,90,5/19/2018,7.63E-05
Villodas,site,TRUE,90,5/26/2018,7.68E-05
Villodas,site,TRUE,90,6/2/2018,7.73E-05
Villodas,site,TRUE,90,6/9/2018,7.78E-05
Villodas,site,TRUE,90,6/16/2018,7.79E-05
Villodas,site,TRUE,90,6/23/2018,7.76E-05
Villodas,site,TRUE,90,6/30/2018,7.69E-05
Villodas,site,TRUE,90,7/7/2018,7.64E-05
Villodas,site,TRUE,90,7/14/2018,7.61E-05
Villodas,site,TRUE,90,7/21/2018,7.60E-05
Villodas,site,TRUE,90,7/28/2018,7.59E-05
Villodas,site,TRUE,90,8/4/2018,7.56E-05
Villodas,site,TRUE,90,8/11/2018,7.54E-05
Villodas,site,TRUE,90,8/18/2018,7.51E-05
Villodas,site,TRUE,90,8/25/2018,7.49E-05
Villodas,site,TRUE,90,9/1/2018,7.46E-05
Villodas,site,TRUE,90,9/8/2018,7.41E-05
Villodas,site,TRUE,90,9/15/2018,7.38E-05
Villodas,site,TRUE,90,9/22/2018,7.37E-05
Villodas,site,TRUE,90,9/29/2018,7.40E-05
Villodas,site,TRUE,90,10/6/2018,7.43E-05
Villodas,site,TRUE,90,10/13/2018,7.45E-05
Villodas,site,TRUE,90,10/20/2018,7.46E-05
Villodas,site,TRUE,90,10/27/2018,7.51E-05
Villodas,site,TRUE,90,11/3/2018,7.58E-05
Villodas,site,TRUE,90,11/10/2018,7.65E-05
Villodas,site,TRUE,90,11/17/2018,7.68E-05
Villodas,site,TRUE,90,11/24/2018,7.67E-05
Villodas,site,TRUE,90,12/1/2018,7.63E-05
Villodas,site,TRUE,90,12/8/2018,7.58E-05
Villodas,site,TRUE,90,12/15/2018,7.52E-05
Villodas,site,TRUE,90,12/22/2018,7.49E-05
Villodas,site,TRUE,90,12/29/2018,7.47E-05
Villodas,site,TRUE,90,1/5/2019,7.50E-05
Villodas,site,TRUE,90,1/12/2019,7.56E-05
Villodas,site,TRUE,90,1/19/2019,7.66E-05
Villodas,site,TRUE,90,1/26/2019,7.76E-05
Villodas,site,TRUE,90,2/2/2019,7.87E-05
Villodas,site,TRUE,90,2/9/2019,7.97E-05
Villodas,site,TRUE,90,2/16/2019,8.06E-05
Villodas,site,TRUE,90,2/23/2019,8.15E-05
Villodas,site,TRUE,90,3/2/2019,8.26E-05
Villodas,site,TRUE,90,3/9/2019,8.36E-05
Villodas,site,TRUE,90,3/16/2019,8.46E-05
Villodas,site,TRUE,90,3/23/2019,8.54E-05
Villodas,site,TRUE,90,3/30/2019,8.62E-05
Villodas,site,TRUE,90,4/6/2019,8.67E-05
Villodas,site,TRUE,90,4/13/2019,8.71E-05
Villodas,site,TRUE,90,4/20/2019,8.74E-05
Villodas,site,TRUE,90,4/27/2019,8.80E-05
Villodas,site,TRUE,90,5/4/2019,8.84E-05
Villodas,site,TRUE,90,5/11/2019,8.67E-05
Villodas,site,TRUE,90,5/18/2019,8.45E-05
Villodas,site,TRUE,90,5/25/2019,8.20E-05
Arboleda,airport,TRUE,90,12/6/2014,0.000588344
Arboleda,airport,TRUE,90,12/13/2014,0.000588899
Arboleda,airport,TRUE,90,12/20/2014,0.000586737
Arboleda,airport,TRUE,90,12/27/2014,0.000584281
Arboleda,airport,TRUE,90,1/3/2015,0.000582919
Arboleda,airport,TRUE,90,1/10/2015,0.000584265
Arboleda,airport,TRUE,90,1/17/2015,0.000585796
Arboleda,airport,TRUE,90,1/24/2015,0.000583496
Arboleda,airport,TRUE,90,1/31/2015,0.000579712
Arboleda,airport,TRUE,90,2/7/2015,0.000576388
Arboleda,airport,TRUE,90,2/14/2015,0.00057557
Arboleda,airport,TRUE,90,2/21/2015,0.000573243
Arboleda,airport,TRUE,90,2/28/2015,0.000569937
Arboleda,airport,TRUE,90,3/7/2015,0.000568318
Arboleda,airport,TRUE,90,3/14/2015,0.000569495
Arboleda,airport,TRUE,90,3/21/2015,0.0005716
Arboleda,airport,TRUE,90,3/28/2015,0.00057336
Arboleda,airport,TRUE,90,4/4/2015,0.000573564
Arboleda,airport,TRUE,90,4/11/2015,0.000571651
Arboleda,airport,TRUE,90,4/18/2015,0.000567595
Arboleda,airport,TRUE,90,4/25/2015,0.000563124
Arboleda,airport,TRUE,90,5/2/2015,0.000559364
Arboleda,airport,TRUE,90,5/9/2015,0.000554523
Arboleda,airport,TRUE,90,5/16/2015,0.000549379
Arboleda,airport,TRUE,90,5/23/2015,0.000544123
Arboleda,airport,TRUE,90,5/30/2015,0.000537907
Arboleda,airport,TRUE,90,6/6/2015,0.000528163
Arboleda,airport,TRUE,90,6/13/2015,0.000517165
Arboleda,airport,TRUE,90,6/20/2015,0.000509696
Arboleda,airport,TRUE,90,6/27/2015,0.000506414
Arboleda,airport,TRUE,90,7/4/2015,0.000502772
Arboleda,airport,TRUE,90,7/11/2015,0.000495273
Arboleda,airport,TRUE,90,7/18/2015,0.000486894
Arboleda,airport,TRUE,90,7/25/2015,0.00047964
Arboleda,airport,TRUE,90,8/1/2015,0.000475645
Arboleda,airport,TRUE,90,8/8/2015,0.000472096
Arboleda,airport,TRUE,90,8/15/2015,0.000468229
Arboleda,airport,TRUE,90,8/22/2015,0.000463507
Arboleda,airport,TRUE,90,8/29/2015,0.000458087
Arboleda,airport,TRUE,90,9/5/2015,0.000454151
Arboleda,airport,TRUE,90,9/12/2015,0.000452657
Arboleda,airport,TRUE,90,9/19/2015,0.000451025
Arboleda,airport,TRUE,90,9/26/2015,0.000449033
Arboleda,airport,TRUE,90,10/3/2015,0.000447292
Arboleda,airport,TRUE,90,10/10/2015,0.00044686
Arboleda,airport,TRUE,90,10/17/2015,0.000446618
Arboleda,airport,TRUE,90,10/24/2015,0.000445482
Arboleda,airport,TRUE,90,10/31/2015,0.000443345
Arboleda,airport,TRUE,90,11/7/2015,0.000440972
Arboleda,airport,TRUE,90,11/14/2015,0.000436152
Arboleda,airport,TRUE,90,11/21/2015,0.000430723
Arboleda,airport,TRUE,90,11/28/2015,0.000425435
Arboleda,airport,TRUE,90,12/5/2015,0.000421314
Arboleda,airport,TRUE,90,12/12/2015,0.000418186
Arboleda,airport,TRUE,90,12/19/2015,0.000416358
Arboleda,airport,TRUE,90,12/26/2015,0.000416281
Arboleda,airport,TRUE,90,1/2/2016,0.000417051
Arboleda,airport,TRUE,90,1/9/2016,0.000417514
Arboleda,airport,TRUE,90,1/16/2016,0.000416198
Arboleda,airport,TRUE,90,1/23/2016,0.000415018
Arboleda,airport,TRUE,90,1/30/2016,0.000412713
Arboleda,airport,TRUE,90,2/6/2016,0.000411104
Arboleda,airport,TRUE,90,2/13/2016,0.000409717
Arboleda,airport,TRUE,90,2/20/2016,0.000409619
Arboleda,airport,TRUE,90,2/27/2016,0.000410885
Arboleda,airport,TRUE,90,3/5/2016,0.000411129
Arboleda,airport,TRUE,90,3/12/2016,0.000412
Arboleda,airport,TRUE,90,3/19/2016,0.00041246
Arboleda,airport,TRUE,90,3/26/2016,0.000413574
Arboleda,airport,TRUE,90,4/2/2016,0.000413884
Arboleda,airport,TRUE,90,4/9/2016,0.00041299
Arboleda,airport,TRUE,90,4/16/2016,0.000412772
Arboleda,airport,TRUE,90,4/23/2016,0.000411786
Arboleda,airport,TRUE,90,4/30/2016,0.000411503
Arboleda,airport,TRUE,90,5/7/2016,0.000411471
Arboleda,airport,TRUE,90,5/14/2016,0.000412883
Arboleda,airport,TRUE,90,5/21/2016,0.000414552
Arboleda,airport,TRUE,90,5/28/2016,0.000417962
Arboleda,airport,TRUE,90,6/4/2016,0.000420484
Arboleda,airport,TRUE,90,6/11/2016,0.000421097
Arboleda,airport,TRUE,90,6/18/2016,0.000419655
Arboleda,airport,TRUE,90,6/25/2016,0.000418863
Arboleda,airport,TRUE,90,7/2/2016,0.000420445
Arboleda,airport,TRUE,90,7/9/2016,0.000420433
Arboleda,airport,TRUE,90,7/16/2016,0.000419231
Arboleda,airport,TRUE,90,7/23/2016,0.000415533
Arboleda,airport,TRUE,90,7/30/2016,0.000411706
Arboleda,airport,TRUE,90,8/6/2016,0.00040791
Arboleda,airport,TRUE,90,8/13/2016,0.000405291
Arboleda,airport,TRUE,90,8/20/2016,0.000403337
Arboleda,airport,TRUE,90,8/27/2016,0.000400882
Arboleda,airport,TRUE,90,9/3/2016,0.000398472
Arboleda,airport,TRUE,90,9/10/2016,0.000396459
Arboleda,airport,TRUE,90,9/17/2016,0.000392932
Arboleda,airport,TRUE,90,9/24/2016,0.000386914
Arboleda,airport,TRUE,90,10/1/2016,0.000379881
Arboleda,airport,TRUE,90,10/8/2016,0.000374024
Arboleda,airport,TRUE,90,10/15/2016,0.000369414
Arboleda,airport,TRUE,90,10/22/2016,0.000364885
Arboleda,airport,TRUE,90,10/29/2016,0.000361134
Arboleda,airport,TRUE,90,11/5/2016,0.000358477
Arboleda,airport,TRUE,90,11/12/2016,0.000356253
Arboleda,airport,TRUE,90,11/19/2016,0.000353848
Arboleda,airport,TRUE,90,11/26/2016,0.000350789
Arboleda,airport,TRUE,90,12/3/2016,0.00034744
Arboleda,airport,TRUE,90,12/10/2016,0.000344667
Arboleda,airport,TRUE,90,12/17/2016,0.000343568
Arboleda,airport,TRUE,90,12/24/2016,0.000343566
Arboleda,airport,TRUE,90,12/31/2016,0.000343926
Arboleda,airport,TRUE,90,1/7/2017,0.000343576
Arboleda,airport,TRUE,90,1/14/2017,0.000342478
Arboleda,airport,TRUE,90,1/21/2017,0.000341511
Arboleda,airport,TRUE,90,1/28/2017,0.000340765
Arboleda,airport,TRUE,90,2/4/2017,0.000341015
Arboleda,airport,TRUE,90,2/11/2017,0.000340724
Arboleda,airport,TRUE,90,2/18/2017,0.000341611
Arboleda,airport,TRUE,90,2/25/2017,0.000343958
Arboleda,airport,TRUE,90,3/4/2017,0.000348218
Arboleda,airport,TRUE,90,3/11/2017,0.000352221
Arboleda,airport,TRUE,90,3/18/2017,0.000354132
Arboleda,airport,TRUE,90,3/25/2017,0.000352952
Arboleda,airport,TRUE,90,4/1/2017,0.000350672
Arboleda,airport,TRUE,90,4/8/2017,0.000349118
Arboleda,airport,TRUE,90,4/15/2017,0.000347766
Arboleda,airport,TRUE,90,4/22/2017,0.000345972
Arboleda,airport,TRUE,90,4/29/2017,0.000343856
Arboleda,airport,TRUE,90,5/6/2017,0.000340503
Arboleda,airport,TRUE,90,5/13/2017,0.000338538
Arboleda,airport,TRUE,90,5/20/2017,0.000336614
Arboleda,airport,TRUE,90,5/27/2017,0.000338273
Arboleda,airport,TRUE,90,6/3/2017,0.000339358
Arboleda,airport,TRUE,90,6/10/2017,0.000341219
Arboleda,airport,TRUE,90,6/17/2017,0.000343818
Arboleda,airport,TRUE,90,6/24/2017,0.000347259
Arboleda,airport,TRUE,90,7/1/2017,0.000348871
Arboleda,airport,TRUE,90,7/8/2017,0.000347345
Arboleda,airport,TRUE,90,7/15/2017,0.000344213
Arboleda,airport,TRUE,90,7/22/2017,0.000341216
Arboleda,airport,TRUE,90,7/29/2017,0.000339649
Arboleda,airport,TRUE,90,8/5/2017,0.000337352
Arboleda,airport,TRUE,90,8/12/2017,0.000335251
Arboleda,airport,TRUE,90,8/19/2017,0.000332576
Arboleda,airport,TRUE,90,8/26/2017,0.000328875
Arboleda,airport,TRUE,90,9/2/2017,0.000324259
Arboleda,airport,TRUE,90,9/9/2017,0.000318755
Arboleda,airport,TRUE,90,9/16/2017,0.000314545
Arboleda,airport,TRUE,90,9/23/2017,0.000312011
Arboleda,airport,TRUE,90,9/30/2017,0.000311043
Arboleda,airport,TRUE,90,10/7/2017,0.00031113
Arboleda,airport,TRUE,90,10/14/2017,0.000310654
Arboleda,airport,TRUE,90,10/21/2017,0.000309521
Arboleda,airport,TRUE,90,10/28/2017,0.000310548
Arboleda,airport,TRUE,90,11/4/2017,0.000312687
Arboleda,airport,TRUE,90,11/11/2017,0.000315932
Arboleda,airport,TRUE,90,11/18/2017,0.000318218
Arboleda,airport,TRUE,90,11/25/2017,0.000320878
Arboleda,airport,TRUE,90,12/2/2017,0.000324876
Arboleda,airport,TRUE,90,12/9/2017,0.000328954
Arboleda,airport,TRUE,90,12/16/2017,0.000333195
Arboleda,airport,TRUE,90,12/23/2017,0.000335753
Arboleda,airport,TRUE,90,12/30/2017,0.000336318
Arboleda,airport,TRUE,90,1/6/2018,0.000335139
Arboleda,airport,TRUE,90,1/13/2018,0.000333048
Arboleda,airport,TRUE,90,1/20/2018,0.000331107
Arboleda,airport,TRUE,90,1/27/2018,0.000330136
Arboleda,airport,TRUE,90,2/3/2018,0.000331297
Arboleda,airport,TRUE,90,2/10/2018,0.000333421
Arboleda,airport,TRUE,90,2/17/2018,0.000335524
Arboleda,airport,TRUE,90,2/24/2018,0.000336363
Arboleda,airport,TRUE,90,3/3/2018,0.000336448
Arboleda,airport,TRUE,90,3/10/2018,0.000336546
Arboleda,airport,TRUE,90,3/17/2018,0.000338422
Arboleda,airport,TRUE,90,3/24/2018,0.000342055
Arboleda,airport,TRUE,90,3/31/2018,0.000346432
Arboleda,airport,TRUE,90,4/7/2018,0.000350428
Arboleda,airport,TRUE,90,4/14/2018,0.00035461
Arboleda,airport,TRUE,90,4/21/2018,0.000359325
Arboleda,airport,TRUE,90,4/28/2018,0.000364095
Arboleda,airport,TRUE,90,5/5/2018,0.000368813
Arboleda,airport,TRUE,90,5/12/2018,0.000372057
Arboleda,airport,TRUE,90,5/19/2018,0.000374089
Arboleda,airport,TRUE,90,5/26/2018,0.000375644
Arboleda,airport,TRUE,90,6/2/2018,0.000376183
Arboleda,airport,TRUE,90,6/9/2018,0.000376347
Arboleda,airport,TRUE,90,6/16/2018,0.000375345
Arboleda,airport,TRUE,90,6/23/2018,0.000374202
Arboleda,airport,TRUE,90,6/30/2018,0.000371805
Arboleda,airport,TRUE,90,7/7/2018,0.000368655
Arboleda,airport,TRUE,90,7/14/2018,0.00036522
Arboleda,airport,TRUE,90,7/21/2018,0.000362379
Arboleda,airport,TRUE,90,7/28/2018,0.000360895
Arboleda,airport,TRUE,90,8/4/2018,0.000360171
Arboleda,airport,TRUE,90,8/11/2018,0.00035915
Arboleda,airport,TRUE,90,8/18/2018,0.000356505
Arboleda,airport,TRUE,90,8/25/2018,0.000353001
Arboleda,airport,TRUE,90,9/1/2018,0.00034911
Arboleda,airport,TRUE,90,9/8/2018,0.000344606
Arboleda,airport,TRUE,90,9/15/2018,0.00034095
Arboleda,airport,TRUE,90,9/22/2018,0.00033783
Arboleda,airport,TRUE,90,9/29/2018,0.000336125
Arboleda,airport,TRUE,90,10/6/2018,0.000335488
Arboleda,airport,TRUE,90,10/13/2018,0.00033628
Arboleda,airport,TRUE,90,10/20/2018,0.000337261
Arboleda,airport,TRUE,90,10/27/2018,0.000337275
Arboleda,airport,TRUE,90,11/3/2018,0.000336599
Arboleda,airport,TRUE,90,11/10/2018,0.000336335
Arboleda,airport,TRUE,90,11/17/2018,0.000335888
Arboleda,airport,TRUE,90,11/24/2018,0.000335651
Arboleda,airport,TRUE,90,12/1/2018,0.000335523
Arboleda,airport,TRUE,90,12/8/2018,0.000335753
Arboleda,airport,TRUE,90,12/15/2018,0.000335213
Arboleda,airport,TRUE,90,12/22/2018,0.000333571
Arboleda,airport,TRUE,90,12/29/2018,0.000330755
Arboleda,airport,TRUE,90,1/5/2019,0.000328205
Arboleda,airport,TRUE,90,1/12/2019,0.000326198
Arboleda,airport,TRUE,90,1/19/2019,0.000325408
Arboleda,airport,TRUE,90,1/26/2019,0.000325155
Arboleda,airport,TRUE,90,2/2/2019,0.000325849
Arboleda,airport,TRUE,90,2/9/2019,0.000327627
Arboleda,airport,TRUE,90,2/16/2019,0.000329878
Arboleda,airport,TRUE,90,2/23/2019,0.000331893
Arboleda,airport,TRUE,90,3/2/2019,0.000334913
Arboleda,airport,TRUE,90,3/9/2019,0.000339697
Arboleda,airport,TRUE,90,3/16/2019,0.00034504
Arboleda,airport,TRUE,90,3/23/2019,0.000350068
Arboleda,airport,TRUE,90,3/30/2019,0.000353783
Arboleda,airport,TRUE,90,4/6/2019,0.000356334
Arboleda,airport,TRUE,90,4/13/2019,0.000357371
Arboleda,airport,TRUE,90,4/20/2019,0.000357109
Arboleda,airport,TRUE,90,4/27/2019,0.000357629
Arboleda,airport,TRUE,90,5/4/2019,0.000358923
Arboleda,airport,TRUE,90,5/11/2019,0.000357787
Arboleda,airport,TRUE,90,5/18/2019,0.000356796
Arboleda,airport,TRUE,90,5/25/2019,0.000354979
Playa,airport,TRUE,90,12/6/2014,0.000798883
Playa,airport,TRUE,90,12/13/2014,0.000807903
Playa,airport,TRUE,90,12/20/2014,0.000811684
Playa,airport,TRUE,90,12/27/2014,0.000814324
Playa,airport,TRUE,90,1/3/2015,0.000817022
Playa,airport,TRUE,90,1/10/2015,0.000820661
Playa,airport,TRUE,90,1/17/2015,0.000822053
Playa,airport,TRUE,90,1/24/2015,0.000818969
Playa,airport,TRUE,90,1/31/2015,0.000815212
Playa,airport,TRUE,90,2/7/2015,0.000811412
Playa,airport,TRUE,90,2/14/2015,0.000808737
Playa,airport,TRUE,90,2/21/2015,0.000804272
Playa,airport,TRUE,90,2/28/2015,0.000799326
Playa,airport,TRUE,90,3/7/2015,0.000796212
Playa,airport,TRUE,90,3/14/2015,0.000794904
Playa,airport,TRUE,90,3/21/2015,0.000792208
Playa,airport,TRUE,90,3/28/2015,0.000788426
Playa,airport,TRUE,90,4/4/2015,0.000781448
Playa,airport,TRUE,90,4/11/2015,0.000772731
Playa,airport,TRUE,90,4/18/2015,0.00076336
Playa,airport,TRUE,90,4/25/2015,0.000755068
Playa,airport,TRUE,90,5/2/2015,0.000748678
Playa,airport,TRUE,90,5/9/2015,0.000737287
Playa,airport,TRUE,90,5/16/2015,0.000722447
Playa,airport,TRUE,90,5/23/2015,0.000706186
Playa,airport,TRUE,90,5/30/2015,0.000689818
Playa,airport,TRUE,90,6/6/2015,0.000672871
Playa,airport,TRUE,90,6/13/2015,0.000656973
Playa,airport,TRUE,90,6/20/2015,0.000647417
Playa,airport,TRUE,90,6/27/2015,0.000642795
Playa,airport,TRUE,90,7/4/2015,0.000637035
Playa,airport,TRUE,90,7/11/2015,0.000628837
Playa,airport,TRUE,90,7/18/2015,0.000620681
Playa,airport,TRUE,90,7/25/2015,0.000614707
Playa,airport,TRUE,90,8/1/2015,0.000610887
Playa,airport,TRUE,90,8/8/2015,0.000608149
Playa,airport,TRUE,90,8/15/2015,0.000605217
Playa,airport,TRUE,90,8/22/2015,0.000602601
Playa,airport,TRUE,90,8/29/2015,0.000600873
Playa,airport,TRUE,90,9/5/2015,0.000601729
Playa,airport,TRUE,90,9/12/2015,0.000606644
Playa,airport,TRUE,90,9/19/2015,0.000609941
Playa,airport,TRUE,90,9/26/2015,0.000612201
Playa,airport,TRUE,90,10/3/2015,0.000615805
Playa,airport,TRUE,90,10/10/2015,0.000622032
Playa,airport,TRUE,90,10/17/2015,0.000630718
Playa,airport,TRUE,90,10/24/2015,0.000637456
Playa,airport,TRUE,90,10/31/2015,0.000641583
Playa,airport,TRUE,90,11/7/2015,0.000643424
Playa,airport,TRUE,90,11/14/2015,0.000641856
Playa,airport,TRUE,90,11/21/2015,0.000643074
Playa,airport,TRUE,90,11/28/2015,0.000644594
Playa,airport,TRUE,90,12/5/2015,0.000645751
Playa,airport,TRUE,90,12/12/2015,0.000645411
Playa,airport,TRUE,90,12/19/2015,0.000646655
Playa,airport,TRUE,90,12/26/2015,0.000651253
Playa,airport,TRUE,90,1/2/2016,0.000654396
Playa,airport,TRUE,90,1/9/2016,0.000653907
Playa,airport,TRUE,90,1/16/2016,0.000648955
Playa,airport,TRUE,90,1/23/2016,0.000643604
Playa,airport,TRUE,90,1/30/2016,0.00063867
Playa,airport,TRUE,90,2/6/2016,0.0006355
Playa,airport,TRUE,90,2/13/2016,0.000634913
Playa,airport,TRUE,90,2/20/2016,0.000635677
Playa,airport,TRUE,90,2/27/2016,0.000637429
Playa,airport,TRUE,90,3/5/2016,0.000636244
Playa,airport,TRUE,90,3/12/2016,0.000634473
Playa,airport,TRUE,90,3/19/2016,0.000631854
Playa,airport,TRUE,90,3/26/2016,0.000630551
Playa,airport,TRUE,90,4/2/2016,0.000629181
Playa,airport,TRUE,90,4/9/2016,0.000625571
Playa,airport,TRUE,90,4/16/2016,0.000622484
Playa,airport,TRUE,90,4/23/2016,0.0006211
Playa,airport,TRUE,90,4/30/2016,0.000623289
Playa,airport,TRUE,90,5/7/2016,0.000625495
Playa,airport,TRUE,90,5/14/2016,0.000626872
Playa,airport,TRUE,90,5/21/2016,0.000629734
Playa,airport,TRUE,90,5/28/2016,0.000635699
Playa,airport,TRUE,90,6/4/2016,0.000639952
Playa,airport,TRUE,90,6/11/2016,0.000639028
Playa,airport,TRUE,90,6/18/2016,0.00063444
Playa,airport,TRUE,90,6/25/2016,0.000631423
Playa,airport,TRUE,90,7/2/2016,0.000633785
Playa,airport,TRUE,90,7/9/2016,0.000635215
Playa,airport,TRUE,90,7/16/2016,0.000636494
Playa,airport,TRUE,90,7/23/2016,0.000635059
Playa,airport,TRUE,90,7/30/2016,0.000637198
Playa,airport,TRUE,90,8/6/2016,0.00064012
Playa,airport,TRUE,90,8/13/2016,0.00064229
Playa,airport,TRUE,90,8/20/2016,0.000643534
Playa,airport,TRUE,90,8/27/2016,0.000644932
Playa,airport,TRUE,90,9/3/2016,0.00064695
Playa,airport,TRUE,90,9/10/2016,0.000648345
Playa,airport,TRUE,90,9/17/2016,0.000648163
Playa,airport,TRUE,90,9/24/2016,0.000647424
Playa,airport,TRUE,90,10/1/2016,0.000650105
Playa,airport,TRUE,90,10/8/2016,0.000652687
Playa,airport,TRUE,90,10/15/2016,0.000655995
Playa,airport,TRUE,90,10/22/2016,0.000653601
Playa,airport,TRUE,90,10/29/2016,0.0006524
Playa,airport,TRUE,90,11/5/2016,0.000651287
Playa,airport,TRUE,90,11/12/2016,0.000651723
Playa,airport,TRUE,90,11/19/2016,0.000655507
Playa,airport,TRUE,90,11/26/2016,0.000659453
Playa,airport,TRUE,90,12/3/2016,0.000662984
Playa,airport,TRUE,90,12/10/2016,0.000663385
Playa,airport,TRUE,90,12/17/2016,0.000664647
Playa,airport,TRUE,90,12/24/2016,0.00067157
Playa,airport,TRUE,90,12/31/2016,0.000680946
Playa,airport,TRUE,90,1/7/2017,0.000690295
Playa,airport,TRUE,90,1/14/2017,0.000695291
Playa,airport,TRUE,90,1/21/2017,0.000698734
Playa,airport,TRUE,90,1/28/2017,0.000701901
Playa,airport,TRUE,90,2/4/2017,0.000705534
Playa,airport,TRUE,90,2/11/2017,0.000708194
Playa,airport,TRUE,90,2/18/2017,0.000710872
Playa,airport,TRUE,90,2/25/2017,0.000715314
Playa,airport,TRUE,90,3/4/2017,0.000721642
Playa,airport,TRUE,90,3/11/2017,0.000725982
Playa,airport,TRUE,90,3/18/2017,0.000725962
Playa,airport,TRUE,90,3/25/2017,0.000719512
Playa,airport,TRUE,90,4/1/2017,0.00071387
Playa,airport,TRUE,90,4/8/2017,0.000709666
Playa,airport,TRUE,90,4/15/2017,0.000708703
Playa,airport,TRUE,90,4/22/2017,0.000709054
Playa,airport,TRUE,90,4/29/2017,0.000707486
Playa,airport,TRUE,90,5/6/2017,0.000702894
Playa,airport,TRUE,90,5/13/2017,0.000697259
Playa,airport,TRUE,90,5/20/2017,0.000693324
Playa,airport,TRUE,90,5/27/2017,0.000693782
Playa,airport,TRUE,90,6/3/2017,0.000691622
Playa,airport,TRUE,90,6/10/2017,0.000692948
Playa,airport,TRUE,90,6/17/2017,0.000697707
Playa,airport,TRUE,90,6/24/2017,0.000706366
Playa,airport,TRUE,90,7/1/2017,0.000708442
Playa,airport,TRUE,90,7/8/2017,0.0007029
Playa,airport,TRUE,90,7/15/2017,0.000694856
Playa,airport,TRUE,90,7/22/2017,0.000689415
Playa,airport,TRUE,90,7/29/2017,0.000686071
Playa,airport,TRUE,90,8/5/2017,0.000682758
Playa,airport,TRUE,90,8/12/2017,0.000679703
Playa,airport,TRUE,90,8/19/2017,0.000678316
Playa,airport,TRUE,90,8/26/2017,0.000673885
Playa,airport,TRUE,90,9/2/2017,0.00066833
Playa,airport,TRUE,90,9/9/2017,0.000660619
Playa,airport,TRUE,90,9/16/2017,0.000656589
Playa,airport,TRUE,90,9/23/2017,0.000656263
Playa,airport,TRUE,90,9/30/2017,0.000658351
Playa,airport,TRUE,90,10/7/2017,0.000660127
Playa,airport,TRUE,90,10/14/2017,0.000658884
Playa,airport,TRUE,90,10/21/2017,0.000655024
Playa,airport,TRUE,90,10/28/2017,0.00065524
Playa,airport,TRUE,90,11/4/2017,0.000655222
Playa,airport,TRUE,90,11/11/2017,0.000656049
Playa,airport,TRUE,90,11/18/2017,0.000652976
Playa,airport,TRUE,90,11/25/2017,0.000650644
Playa,airport,TRUE,90,12/2/2017,0.00064868
Playa,airport,TRUE,90,12/9/2017,0.000646903
Playa,airport,TRUE,90,12/16/2017,0.000646322
Playa,airport,TRUE,90,12/23/2017,0.000645398
Playa,airport,TRUE,90,12/30/2017,0.000642484
Playa,airport,TRUE,90,1/6/2018,0.000636947
Playa,airport,TRUE,90,1/13/2018,0.000629368
Playa,airport,TRUE,90,1/20/2018,0.00062281
Playa,airport,TRUE,90,1/27/2018,0.00061753
Playa,airport,TRUE,90,2/3/2018,0.000615634
Playa,airport,TRUE,90,2/10/2018,0.000612606
Playa,airport,TRUE,90,2/17/2018,0.000609121
Playa,airport,TRUE,90,2/24/2018,0.000604944
Playa,airport,TRUE,90,3/3/2018,0.000601563
Playa,airport,TRUE,90,3/10/2018,0.000597772
Playa,airport,TRUE,90,3/17/2018,0.00059586
Playa,airport,TRUE,90,3/24/2018,0.0005962
Playa,airport,TRUE,90,3/31/2018,0.000598681
Playa,airport,TRUE,90,4/7/2018,0.000600034
Playa,airport,TRUE,90,4/14/2018,0.000599589
Playa,airport,TRUE,90,4/21/2018,0.000600821
Playa,airport,TRUE,90,4/28/2018,0.000601674
Playa,airport,TRUE,90,5/5/2018,0.000604673
Playa,airport,TRUE,90,5/12/2018,0.000603446
Playa,airport,TRUE,90,5/19/2018,0.000603142
Playa,airport,TRUE,90,5/26/2018,0.000604301
Playa,airport,TRUE,90,6/2/2018,0.000601834
Playa,airport,TRUE,90,6/9/2018,0.000596475
Playa,airport,TRUE,90,6/16/2018,0.000587203
Playa,airport,TRUE,90,6/23/2018,0.000580571
Playa,airport,TRUE,90,6/30/2018,0.000573489
Playa,airport,TRUE,90,7/7/2018,0.000563596
Playa,airport,TRUE,90,7/14/2018,0.000551937
Playa,airport,TRUE,90,7/21/2018,0.000540524
Playa,airport,TRUE,90,7/28/2018,0.00053391
Playa,airport,TRUE,90,8/4/2018,0.000529694
Playa,airport,TRUE,90,8/11/2018,0.000525593
Playa,airport,TRUE,90,8/18/2018,0.000518374
Playa,airport,TRUE,90,8/25/2018,0.000511407
Playa,airport,TRUE,90,9/1/2018,0.000504458
Playa,airport,TRUE,90,9/8/2018,0.000497303
Playa,airport,TRUE,90,9/15/2018,0.000491825
Playa,airport,TRUE,90,9/22/2018,0.000487585
Playa,airport,TRUE,90,9/29/2018,0.000485846
Playa,airport,TRUE,90,10/6/2018,0.000484833
Playa,airport,TRUE,90,10/13/2018,0.000484418
Playa,airport,TRUE,90,10/20/2018,0.000483424
Playa,airport,TRUE,90,10/27/2018,0.000478829
Playa,airport,TRUE,90,11/3/2018,0.000472624
Playa,airport,TRUE,90,11/10/2018,0.000466306
Playa,airport,TRUE,90,11/17/2018,0.000461453
Playa,airport,TRUE,90,11/24/2018,0.00045769
Playa,airport,TRUE,90,12/1/2018,0.000453768
Playa,airport,TRUE,90,12/8/2018,0.000450134
Playa,airport,TRUE,90,12/15/2018,0.000446522
Playa,airport,TRUE,90,12/22/2018,0.000439742
Playa,airport,TRUE,90,12/29/2018,0.000430641
Playa,airport,TRUE,90,1/5/2019,0.000420422
Playa,airport,TRUE,90,1/12/2019,0.000413302
Playa,airport,TRUE,90,1/19/2019,0.000408557
Playa,airport,TRUE,90,1/26/2019,0.000404938
Playa,airport,TRUE,90,2/2/2019,0.000402768
Playa,airport,TRUE,90,2/9/2019,0.0004026
Playa,airport,TRUE,90,2/16/2019,0.000402708
Playa,airport,TRUE,90,2/23/2019,0.000401972
Playa,airport,TRUE,90,3/2/2019,0.000399956
Playa,airport,TRUE,90,3/9/2019,0.000399363
Playa,airport,TRUE,90,3/16/2019,0.000398594
Playa,airport,TRUE,90,3/23/2019,0.00039854
Playa,airport,TRUE,90,3/30/2019,0.000396667
Playa,airport,TRUE,90,4/6/2019,0.000392741
Playa,airport,TRUE,90,4/13/2019,0.000386496
Playa,airport,TRUE,90,4/20/2019,0.000380077
Playa,airport,TRUE,90,4/27/2019,0.000377396
Playa,airport,TRUE,90,5/4/2019,0.000377661
Playa,airport,TRUE,90,5/11/2019,0.000372551
Playa,airport,TRUE,90,5/18/2019,0.000366019
Playa,airport,TRUE,90,5/25/2019,0.000359099
La_Margarita,airport,TRUE,90,4/9/2016,7.62E-05
La_Margarita,airport,TRUE,90,4/16/2016,7.64E-05
La_Margarita,airport,TRUE,90,4/23/2016,7.65E-05
La_Margarita,airport,TRUE,90,4/30/2016,7.64E-05
La_Margarita,airport,TRUE,90,5/7/2016,7.62E-05
La_Margarita,airport,TRUE,90,5/14/2016,7.62E-05
La_Margarita,airport,TRUE,90,5/21/2016,7.62E-05
La_Margarita,airport,TRUE,90,5/28/2016,7.62E-05
La_Margarita,airport,TRUE,90,6/4/2016,7.62E-05
La_Margarita,airport,TRUE,90,6/11/2016,7.63E-05
La_Margarita,airport,TRUE,90,6/18/2016,7.66E-05
La_Margarita,airport,TRUE,90,6/25/2016,7.68E-05
La_Margarita,airport,TRUE,90,7/2/2016,7.69E-05
La_Margarita,airport,TRUE,90,7/9/2016,7.69E-05
La_Margarita,airport,TRUE,90,7/16/2016,7.70E-05
La_Margarita,airport,TRUE,90,7/23/2016,7.70E-05
La_Margarita,airport,TRUE,90,7/30/2016,7.69E-05
La_Margarita,airport,TRUE,90,8/6/2016,7.68E-05
La_Margarita,airport,TRUE,90,8/13/2016,7.65E-05
La_Margarita,airport,TRUE,90,8/20/2016,7.61E-05
La_Margarita,airport,TRUE,90,8/27/2016,7.57E-05
La_Margarita,airport,TRUE,90,9/3/2016,7.53E-05
La_Margarita,airport,TRUE,90,9/10/2016,7.46E-05
La_Margarita,airport,TRUE,90,9/17/2016,7.36E-05
La_Margarita,airport,TRUE,90,9/24/2016,7.23E-05
La_Margarita,airport,TRUE,90,10/1/2016,7.11E-05
La_Margarita,airport,TRUE,90,10/8/2016,6.99E-05
La_Margarita,airport,TRUE,90,10/15/2016,6.87E-05
La_Margarita,airport,TRUE,90,10/22/2016,6.77E-05
La_Margarita,airport,TRUE,90,10/29/2016,6.71E-05
La_Margarita,airport,TRUE,90,11/5/2016,6.66E-05
La_Margarita,airport,TRUE,90,11/12/2016,6.60E-05
La_Margarita,airport,TRUE,90,11/19/2016,6.56E-05
La_Margarita,airport,TRUE,90,11/26/2016,6.55E-05
La_Margarita,airport,TRUE,90,12/3/2016,6.55E-05
La_Margarita,airport,TRUE,90,12/10/2016,6.54E-05
La_Margarita,airport,TRUE,90,12/17/2016,6.53E-05
La_Margarita,airport,TRUE,90,12/24/2016,6.53E-05
La_Margarita,airport,TRUE,90,12/31/2016,6.54E-05
La_Margarita,airport,TRUE,90,1/7/2017,6.54E-05
La_Margarita,airport,TRUE,90,1/14/2017,6.54E-05
La_Margarita,airport,TRUE,90,1/21/2017,6.53E-05
La_Margarita,airport,TRUE,90,1/28/2017,6.53E-05
La_Margarita,airport,TRUE,90,2/4/2017,6.52E-05
La_Margarita,airport,TRUE,90,2/11/2017,6.50E-05
La_Margarita,airport,TRUE,90,2/18/2017,6.47E-05
La_Margarita,airport,TRUE,90,2/25/2017,6.44E-05
La_Margarita,airport,TRUE,90,3/4/2017,6.40E-05
La_Margarita,airport,TRUE,90,3/11/2017,6.37E-05
La_Margarita,airport,TRUE,90,3/18/2017,6.33E-05
La_Margarita,airport,TRUE,90,3/25/2017,6.28E-05
La_Margarita,airport,TRUE,90,4/1/2017,6.23E-05
La_Margarita,airport,TRUE,90,4/8/2017,6.20E-05
La_Margarita,airport,TRUE,90,4/15/2017,6.18E-05
La_Margarita,airport,TRUE,90,4/22/2017,6.17E-05
La_Margarita,airport,TRUE,90,4/29/2017,6.16E-05
La_Margarita,airport,TRUE,90,5/6/2017,6.15E-05
La_Margarita,airport,TRUE,90,5/13/2017,6.16E-05
La_Margarita,airport,TRUE,90,5/20/2017,6.16E-05
La_Margarita,airport,TRUE,90,5/27/2017,6.17E-05
La_Margarita,airport,TRUE,90,6/3/2017,6.19E-05
La_Margarita,airport,TRUE,90,6/10/2017,6.21E-05
La_Margarita,airport,TRUE,90,6/17/2017,6.23E-05
La_Margarita,airport,TRUE,90,6/24/2017,6.25E-05
La_Margarita,airport,TRUE,90,7/1/2017,6.28E-05
La_Margarita,airport,TRUE,90,7/8/2017,6.29E-05
La_Margarita,airport,TRUE,90,7/15/2017,6.29E-05
La_Margarita,airport,TRUE,90,7/22/2017,6.28E-05
La_Margarita,airport,TRUE,90,7/29/2017,6.26E-05
La_Margarita,airport,TRUE,90,8/5/2017,6.22E-05
La_Margarita,airport,TRUE,90,8/12/2017,6.17E-05
La_Margarita,airport,TRUE,90,8/19/2017,6.11E-05
La_Margarita,airport,TRUE,90,8/26/2017,6.05E-05
La_Margarita,airport,TRUE,90,9/2/2017,6.01E-05
La_Margarita,airport,TRUE,90,9/9/2017,5.97E-05
La_Margarita,airport,TRUE,90,9/16/2017,5.95E-05
La_Margarita,airport,TRUE,90,9/23/2017,5.95E-05
La_Margarita,airport,TRUE,90,9/30/2017,5.97E-05
La_Margarita,airport,TRUE,90,10/7/2017,5.99E-05
La_Margarita,airport,TRUE,90,10/14/2017,5.99E-05
La_Margarita,airport,TRUE,90,10/21/2017,5.97E-05
La_Margarita,airport,TRUE,90,10/28/2017,6.07E-05
La_Margarita,airport,TRUE,90,11/4/2017,6.20E-05
La_Margarita,airport,TRUE,90,11/11/2017,6.34E-05
La_Margarita,airport,TRUE,90,11/18/2017,6.39E-05
La_Margarita,airport,TRUE,90,11/25/2017,6.43E-05
La_Margarita,airport,TRUE,90,12/2/2017,6.50E-05
La_Margarita,airport,TRUE,90,12/9/2017,6.55E-05
La_Margarita,airport,TRUE,90,12/16/2017,6.58E-05
La_Margarita,airport,TRUE,90,12/23/2017,6.60E-05
La_Margarita,airport,TRUE,90,12/30/2017,6.62E-05
La_Margarita,airport,TRUE,90,1/6/2018,6.65E-05
La_Margarita,airport,TRUE,90,1/13/2018,6.66E-05
La_Margarita,airport,TRUE,90,1/20/2018,6.66E-05
La_Margarita,airport,TRUE,90,1/27/2018,6.65E-05
La_Margarita,airport,TRUE,90,2/3/2018,6.64E-05
La_Margarita,airport,TRUE,90,2/10/2018,6.64E-05
La_Margarita,airport,TRUE,90,2/17/2018,6.63E-05
La_Margarita,airport,TRUE,90,2/24/2018,6.62E-05
La_Margarita,airport,TRUE,90,3/3/2018,6.62E-05
La_Margarita,airport,TRUE,90,3/10/2018,6.62E-05
La_Margarita,airport,TRUE,90,3/17/2018,6.63E-05
La_Margarita,airport,TRUE,90,3/24/2018,6.65E-05
La_Margarita,airport,TRUE,90,3/31/2018,6.66E-05
La_Margarita,airport,TRUE,90,4/7/2018,6.65E-05
La_Margarita,airport,TRUE,90,4/14/2018,6.64E-05
La_Margarita,airport,TRUE,90,4/21/2018,6.64E-05
La_Margarita,airport,TRUE,90,4/28/2018,6.64E-05
La_Margarita,airport,TRUE,90,5/5/2018,6.64E-05
La_Margarita,airport,TRUE,90,5/12/2018,6.63E-05
La_Margarita,airport,TRUE,90,5/19/2018,6.62E-05
La_Margarita,airport,TRUE,90,5/26/2018,6.63E-05
La_Margarita,airport,TRUE,90,6/2/2018,6.63E-05
La_Margarita,airport,TRUE,90,6/9/2018,6.63E-05
La_Margarita,airport,TRUE,90,6/16/2018,6.63E-05
La_Margarita,airport,TRUE,90,6/23/2018,6.64E-05
La_Margarita,airport,TRUE,90,6/30/2018,6.65E-05
La_Margarita,airport,TRUE,90,7/7/2018,6.67E-05
La_Margarita,airport,TRUE,90,7/14/2018,6.69E-05
La_Margarita,airport,TRUE,90,7/21/2018,6.69E-05
La_Margarita,airport,TRUE,90,7/28/2018,6.68E-05
La_Margarita,airport,TRUE,90,8/4/2018,6.66E-05
La_Margarita,airport,TRUE,90,8/11/2018,6.66E-05
La_Margarita,airport,TRUE,90,8/18/2018,6.63E-05
La_Margarita,airport,TRUE,90,8/25/2018,6.59E-05
La_Margarita,airport,TRUE,90,9/1/2018,6.54E-05
La_Margarita,airport,TRUE,90,9/8/2018,6.49E-05
La_Margarita,airport,TRUE,90,9/15/2018,6.45E-05
La_Margarita,airport,TRUE,90,9/22/2018,6.42E-05
La_Margarita,airport,TRUE,90,9/29/2018,6.41E-05
La_Margarita,airport,TRUE,90,10/6/2018,6.39E-05
La_Margarita,airport,TRUE,90,10/13/2018,6.36E-05
La_Margarita,airport,TRUE,90,10/20/2018,6.34E-05
La_Margarita,airport,TRUE,90,10/27/2018,6.32E-05
La_Margarita,airport,TRUE,90,11/3/2018,6.30E-05
La_Margarita,airport,TRUE,90,11/10/2018,6.29E-05
La_Margarita,airport,TRUE,90,11/17/2018,6.26E-05
La_Margarita,airport,TRUE,90,11/24/2018,6.24E-05
La_Margarita,airport,TRUE,90,12/1/2018,6.22E-05
La_Margarita,airport,TRUE,90,12/8/2018,6.22E-05
La_Margarita,airport,TRUE,90,12/15/2018,6.23E-05
La_Margarita,airport,TRUE,90,12/22/2018,6.23E-05
La_Margarita,airport,TRUE,90,12/29/2018,6.23E-05
La_Margarita,airport,TRUE,90,1/5/2019,6.22E-05
La_Margarita,airport,TRUE,90,1/12/2019,6.21E-05
La_Margarita,airport,TRUE,90,1/19/2019,6.21E-05
La_Margarita,airport,TRUE,90,1/26/2019,6.21E-05
La_Margarita,airport,TRUE,90,2/2/2019,6.22E-05
La_Margarita,airport,TRUE,90,2/9/2019,6.24E-05
La_Margarita,airport,TRUE,90,2/16/2019,6.25E-05
La_Margarita,airport,TRUE,90,2/23/2019,6.25E-05
La_Margarita,airport,TRUE,90,3/2/2019,6.26E-05
La_Margarita,airport,TRUE,90,3/9/2019,6.27E-05
La_Margarita,airport,TRUE,90,3/16/2019,6.28E-05
La_Margarita,airport,TRUE,90,3/23/2019,6.30E-05
La_Margarita,airport,TRUE,90,3/30/2019,6.31E-05
La_Margarita,airport,TRUE,90,4/6/2019,6.30E-05
La_Margarita,airport,TRUE,90,4/13/2019,6.29E-05
La_Margarita,airport,TRUE,90,4/20/2019,6.27E-05
La_Margarita,airport,TRUE,90,4/27/2019,6.28E-05
La_Margarita,airport,TRUE,90,5/4/2019,6.28E-05
La_Margarita,airport,TRUE,90,5/11/2019,6.31E-05
La_Margarita,airport,TRUE,90,5/18/2019,6.34E-05
La_Margarita,airport,TRUE,90,5/25/2019,6.39E-05
Villodas,airport,TRUE,90,12/6/2014,7.37E-05
Villodas,airport,TRUE,90,12/13/2014,7.43E-05
Villodas,airport,TRUE,90,12/20/2014,7.44E-05
Villodas,airport,TRUE,90,12/27/2014,7.46E-05
Villodas,airport,TRUE,90,1/3/2015,7.45E-05
Villodas,airport,TRUE,90,1/10/2015,7.44E-05
Villodas,airport,TRUE,90,1/17/2015,7.41E-05
Villodas,airport,TRUE,90,1/24/2015,7.36E-05
Villodas,airport,TRUE,90,1/31/2015,7.31E-05
Villodas,airport,TRUE,90,2/7/2015,7.26E-05
Villodas,airport,TRUE,90,2/14/2015,7.22E-05
Villodas,airport,TRUE,90,2/21/2015,7.18E-05
Villodas,airport,TRUE,90,2/28/2015,7.15E-05
Villodas,airport,TRUE,90,3/7/2015,7.16E-05
Villodas,airport,TRUE,90,3/14/2015,7.21E-05
Villodas,airport,TRUE,90,3/21/2015,7.26E-05
Villodas,airport,TRUE,90,3/28/2015,7.27E-05
Villodas,airport,TRUE,90,4/4/2015,7.21E-05
Villodas,airport,TRUE,90,4/11/2015,7.11E-05
Villodas,airport,TRUE,90,4/18/2015,7.01E-05
Villodas,airport,TRUE,90,4/25/2015,6.97E-05
Villodas,airport,TRUE,90,5/2/2015,6.93E-05
Villodas,airport,TRUE,90,5/9/2015,6.94E-05
Villodas,airport,TRUE,90,5/16/2015,6.97E-05
Villodas,airport,TRUE,90,5/23/2015,7.07E-05
Villodas,airport,TRUE,90,5/30/2015,7.14E-05
Villodas,airport,TRUE,90,6/6/2015,7.14E-05
Villodas,airport,TRUE,90,6/13/2015,7.11E-05
Villodas,airport,TRUE,90,6/20/2015,7.13E-05
Villodas,airport,TRUE,90,6/27/2015,7.19E-05
Villodas,airport,TRUE,90,7/4/2015,7.30E-05
Villodas,airport,TRUE,90,7/11/2015,7.40E-05
Villodas,airport,TRUE,90,7/18/2015,7.48E-05
Villodas,airport,TRUE,90,7/25/2015,7.48E-05
Villodas,airport,TRUE,90,8/1/2015,7.50E-05
Villodas,airport,TRUE,90,8/8/2015,7.53E-05
Villodas,airport,TRUE,90,8/15/2015,7.54E-05
Villodas,airport,TRUE,90,8/22/2015,7.47E-05
Villodas,airport,TRUE,90,8/29/2015,7.39E-05
Villodas,airport,TRUE,90,9/5/2015,7.34E-05
Villodas,airport,TRUE,90,9/12/2015,7.32E-05
Villodas,airport,TRUE,90,9/19/2015,7.33E-05
Villodas,airport,TRUE,90,9/26/2015,7.33E-05
Villodas,airport,TRUE,90,10/3/2015,7.35E-05
Villodas,airport,TRUE,90,10/10/2015,7.37E-05
Villodas,airport,TRUE,90,10/17/2015,7.39E-05
Villodas,airport,TRUE,90,10/24/2015,7.43E-05
Villodas,airport,TRUE,90,10/31/2015,7.50E-05
Villodas,airport,TRUE,90,11/7/2015,7.58E-05
Villodas,airport,TRUE,90,11/14/2015,7.66E-05
Villodas,airport,TRUE,90,11/21/2015,7.73E-05
Villodas,airport,TRUE,90,11/28/2015,7.81E-05
Villodas,airport,TRUE,90,12/5/2015,7.87E-05
Villodas,airport,TRUE,90,12/12/2015,7.92E-05
Villodas,airport,TRUE,90,12/19/2015,7.98E-05
Villodas,airport,TRUE,90,12/26/2015,8.05E-05
Villodas,airport,TRUE,90,1/2/2016,8.13E-05
Villodas,airport,TRUE,90,1/9/2016,8.24E-05
Villodas,airport,TRUE,90,1/16/2016,8.35E-05
Villodas,airport,TRUE,90,1/23/2016,8.48E-05
Villodas,airport,TRUE,90,1/30/2016,8.56E-05
Villodas,airport,TRUE,90,2/6/2016,8.62E-05
Villodas,airport,TRUE,90,2/13/2016,8.68E-05
Villodas,airport,TRUE,90,2/20/2016,8.79E-05
Villodas,airport,TRUE,90,2/27/2016,8.90E-05
Villodas,airport,TRUE,90,3/5/2016,9.02E-05
Villodas,airport,TRUE,90,3/12/2016,9.13E-05
Villodas,airport,TRUE,90,3/19/2016,9.25E-05
Villodas,airport,TRUE,90,3/26/2016,9.36E-05
Villodas,airport,TRUE,90,4/2/2016,9.45E-05
Villodas,airport,TRUE,90,4/9/2016,9.52E-05
Villodas,airport,TRUE,90,4/16/2016,9.57E-05
Villodas,airport,TRUE,90,4/23/2016,9.61E-05
Villodas,airport,TRUE,90,4/30/2016,9.68E-05
Villodas,airport,TRUE,90,5/7/2016,9.74E-05
Villodas,airport,TRUE,90,5/14/2016,9.83E-05
Villodas,airport,TRUE,90,5/21/2016,9.93E-05
Villodas,airport,TRUE,90,5/28/2016,0.000100491
Villodas,airport,TRUE,90,6/4/2016,0.000101271
Villodas,airport,TRUE,90,6/11/2016,0.000101397
Villodas,airport,TRUE,90,6/18/2016,0.000101218
Villodas,airport,TRUE,90,6/25/2016,0.000100962
Villodas,airport,TRUE,90,7/2/2016,0.000101394
Villodas,airport,TRUE,90,7/9/2016,0.000102003
Villodas,airport,TRUE,90,7/16/2016,0.000102908
Villodas,airport,TRUE,90,7/23/2016,0.000103639
Villodas,airport,TRUE,90,7/30/2016,0.00010419
Villodas,airport,TRUE,90,8/6/2016,0.00010467
Villodas,airport,TRUE,90,8/13/2016,0.000105041
Villodas,airport,TRUE,90,8/20/2016,0.000105608
Villodas,airport,TRUE,90,8/27/2016,0.000106297
Villodas,airport,TRUE,90,9/3/2016,0.000106861
Villodas,airport,TRUE,90,9/10/2016,0.000106999
Villodas,airport,TRUE,90,9/17/2016,0.00010655
Villodas,airport,TRUE,90,9/24/2016,0.000105797
Villodas,airport,TRUE,90,10/1/2016,0.000105206
Villodas,airport,TRUE,90,10/8/2016,0.000104604
Villodas,airport,TRUE,90,10/15/2016,0.000104062
Villodas,airport,TRUE,90,10/22/2016,0.000103349
Villodas,airport,TRUE,90,10/29/2016,0.000102773
Villodas,airport,TRUE,90,11/5/2016,0.000102378
Villodas,airport,TRUE,90,11/12/2016,0.000101846
Villodas,airport,TRUE,90,11/19/2016,0.000100854
Villodas,airport,TRUE,90,11/26/2016,9.94E-05
Villodas,airport,TRUE,90,12/3/2016,9.77E-05
Villodas,airport,TRUE,90,12/10/2016,9.62E-05
Villodas,airport,TRUE,90,12/17/2016,9.53E-05
Villodas,airport,TRUE,90,12/24/2016,9.48E-05
Villodas,airport,TRUE,90,12/31/2016,9.44E-05
Villodas,airport,TRUE,90,1/7/2017,9.38E-05
Villodas,airport,TRUE,90,1/14/2017,9.27E-05
Villodas,airport,TRUE,90,1/21/2017,9.15E-05
Villodas,airport,TRUE,90,1/28/2017,9.04E-05
Villodas,airport,TRUE,90,2/4/2017,9.00E-05
Villodas,airport,TRUE,90,2/11/2017,8.95E-05
Villodas,airport,TRUE,90,2/18/2017,8.89E-05
Villodas,airport,TRUE,90,2/25/2017,8.88E-05
Villodas,airport,TRUE,90,3/4/2017,8.93E-05
Villodas,airport,TRUE,90,3/11/2017,8.99E-05
Villodas,airport,TRUE,90,3/18/2017,9.01E-05
Villodas,airport,TRUE,90,3/25/2017,8.98E-05
Villodas,airport,TRUE,90,4/1/2017,8.93E-05
Villodas,airport,TRUE,90,4/8/2017,8.90E-05
Villodas,airport,TRUE,90,4/15/2017,8.85E-05
Villodas,airport,TRUE,90,4/22/2017,8.81E-05
Villodas,airport,TRUE,90,4/29/2017,8.74E-05
Villodas,airport,TRUE,90,5/6/2017,8.67E-05
Villodas,airport,TRUE,90,5/13/2017,8.58E-05
Villodas,airport,TRUE,90,5/20/2017,8.54E-05
Villodas,airport,TRUE,90,5/27/2017,8.50E-05
Villodas,airport,TRUE,90,6/3/2017,8.46E-05
Villodas,airport,TRUE,90,6/10/2017,8.37E-05
Villodas,airport,TRUE,90,6/17/2017,8.33E-05
Villodas,airport,TRUE,90,6/24/2017,8.30E-05
Villodas,airport,TRUE,90,7/1/2017,8.25E-05
Villodas,airport,TRUE,90,7/8/2017,8.13E-05
Villodas,airport,TRUE,90,7/15/2017,7.99E-05
Villodas,airport,TRUE,90,7/22/2017,7.82E-05
Villodas,airport,TRUE,90,7/29/2017,7.66E-05
Villodas,airport,TRUE,90,8/5/2017,7.50E-05
Villodas,airport,TRUE,90,8/12/2017,7.38E-05
Villodas,airport,TRUE,90,8/19/2017,7.25E-05
Villodas,airport,TRUE,90,8/26/2017,7.13E-05
Villodas,airport,TRUE,90,9/2/2017,7.00E-05
Villodas,airport,TRUE,90,9/9/2017,6.88E-05
Villodas,airport,TRUE,90,9/16/2017,6.77E-05
Villodas,airport,TRUE,90,9/23/2017,6.67E-05
Villodas,airport,TRUE,90,9/30/2017,6.58E-05
Villodas,airport,TRUE,90,10/7/2017,6.51E-05
Villodas,airport,TRUE,90,10/14/2017,6.46E-05
Villodas,airport,TRUE,90,10/21/2017,6.43E-05
Villodas,airport,TRUE,90,10/28/2017,6.56E-05
Villodas,airport,TRUE,90,11/4/2017,6.71E-05
Villodas,airport,TRUE,90,11/11/2017,6.85E-05
Villodas,airport,TRUE,90,11/18/2017,6.85E-05
Villodas,airport,TRUE,90,11/25/2017,6.86E-05
Villodas,airport,TRUE,90,12/2/2017,6.92E-05
Villodas,airport,TRUE,90,12/9/2017,7.01E-05
Villodas,airport,TRUE,90,12/16/2017,7.09E-05
Villodas,airport,TRUE,90,12/23/2017,7.13E-05
Villodas,airport,TRUE,90,12/30/2017,7.13E-05
Villodas,airport,TRUE,90,1/6/2018,7.14E-05
Villodas,airport,TRUE,90,1/13/2018,7.11E-05
Villodas,airport,TRUE,90,1/20/2018,7.04E-05
Villodas,airport,TRUE,90,1/27/2018,6.99E-05
Villodas,airport,TRUE,90,2/3/2018,6.96E-05
Villodas,airport,TRUE,90,2/10/2018,6.97E-05
Villodas,airport,TRUE,90,2/17/2018,6.97E-05
Villodas,airport,TRUE,90,2/24/2018,6.97E-05
Villodas,airport,TRUE,90,3/3/2018,6.95E-05
Villodas,airport,TRUE,90,3/10/2018,6.91E-05
Villodas,airport,TRUE,90,3/17/2018,6.88E-05
Villodas,airport,TRUE,90,3/24/2018,6.89E-05
Villodas,airport,TRUE,90,3/31/2018,6.92E-05
Villodas,airport,TRUE,90,4/7/2018,6.96E-05
Villodas,airport,TRUE,90,4/14/2018,6.97E-05
Villodas,airport,TRUE,90,4/21/2018,7.02E-05
Villodas,airport,TRUE,90,4/28/2018,7.06E-05
Villodas,airport,TRUE,90,5/5/2018,7.10E-05
Villodas,airport,TRUE,90,5/12/2018,7.11E-05
Villodas,airport,TRUE,90,5/19/2018,7.09E-05
Villodas,airport,TRUE,90,5/26/2018,7.09E-05
Villodas,airport,TRUE,90,6/2/2018,7.09E-05
Villodas,airport,TRUE,90,6/9/2018,7.09E-05
Villodas,airport,TRUE,90,6/16/2018,7.05E-05
Villodas,airport,TRUE,90,6/23/2018,6.99E-05
Villodas,airport,TRUE,90,6/30/2018,6.88E-05
Villodas,airport,TRUE,90,7/7/2018,6.80E-05
Villodas,airport,TRUE,90,7/14/2018,6.73E-05
Villodas,airport,TRUE,90,7/21/2018,6.69E-05
Villodas,airport,TRUE,90,7/28/2018,6.65E-05
Villodas,airport,TRUE,90,8/4/2018,6.61E-05
Villodas,airport,TRUE,90,8/11/2018,6.58E-05
Villodas,airport,TRUE,90,8/18/2018,6.52E-05
Villodas,airport,TRUE,90,8/25/2018,6.47E-05
Villodas,airport,TRUE,90,9/1/2018,6.42E-05
Villodas,airport,TRUE,90,9/8/2018,6.37E-05
Villodas,airport,TRUE,90,9/15/2018,6.34E-05
Villodas,airport,TRUE,90,9/22/2018,6.33E-05
Villodas,airport,TRUE,90,9/29/2018,6.35E-05
Villodas,airport,TRUE,90,10/6/2018,6.36E-05
Villodas,airport,TRUE,90,10/13/2018,6.38E-05
Villodas,airport,TRUE,90,10/20/2018,6.39E-05
Villodas,airport,TRUE,90,10/27/2018,6.44E-05
Villodas,airport,TRUE,90,11/3/2018,6.49E-05
Villodas,airport,TRUE,90,11/10/2018,6.56E-05
Villodas,airport,TRUE,90,11/17/2018,6.58E-05
Villodas,airport,TRUE,90,11/24/2018,6.59E-05
Villodas,airport,TRUE,90,12/1/2018,6.56E-05
Villodas,airport,TRUE,90,12/8/2018,6.52E-05
Villodas,airport,TRUE,90,12/15/2018,6.47E-05
Villodas,airport,TRUE,90,12/22/2018,6.43E-05
Villodas,airport,TRUE,90,12/29/2018,6.39E-05
Villodas,airport,TRUE,90,1/5/2019,6.38E-05
Villodas,airport,TRUE,90,1/12/2019,6.37E-05
Villodas,airport,TRUE,90,1/19/2019,6.39E-05
Villodas,airport,TRUE,90,1/26/2019,6.43E-05
Villodas,airport,TRUE,90,2/2/2019,6.47E-05
Villodas,airport,TRUE,90,2/9/2019,6.52E-05
Villodas,airport,TRUE,90,2/16/2019,6.56E-05
Villodas,airport,TRUE,90,2/23/2019,6.60E-05
Villodas,airport,TRUE,90,3/2/2019,6.67E-05
Villodas,airport,TRUE,90,3/9/2019,6.72E-05
Villodas,airport,TRUE,90,3/16/2019,6.77E-05
Villodas,airport,TRUE,90,3/23/2019,6.79E-05
Villodas,airport,TRUE,90,3/30/2019,6.81E-05
Villodas,airport,TRUE,90,4/6/2019,6.81E-05
Villodas,airport,TRUE,90,4/13/2019,6.82E-05
Villodas,airport,TRUE,90,4/20/2019,6.82E-05
Villodas,airport,TRUE,90,4/27/2019,6.86E-05
Villodas,airport,TRUE,90,5/4/2019,6.89E-05
Villodas,airport,TRUE,90,5/11/2019,6.76E-05
Villodas,airport,TRUE,90,5/18/2019,6.61E-05
Villodas,airport,TRUE,90,5/25/2019,6.45E-05
