Location,Datetime,Ref,Ref_sd,Neural Network
Villodas - Airport,5/31/2013,,,2864.188454
Villodas - Airport,6/1/2013,,,2800.187763
Villodas - Airport,6/2/2013,,,2688.922636
Villodas - Airport,6/3/2013,,,2802.667941
Villodas - Airport,6/4/2013,,,2784.715375
Villodas - Airport,6/5/2013,,,2844.253541
Villodas - Airport,6/6/2013,,,2828.296385
Villodas - Airport,6/7/2013,,,2875.68288
Villodas - Airport,6/8/2013,,,2907.859478
Villodas - Airport,6/9/2013,,,2871.58633
Villodas - Airport,6/10/2013,,,2920.990687
Villodas - Airport,6/11/2013,,,3032.137428
Villodas - Airport,6/12/2013,,,3125.994563
Villodas - Airport,6/13/2013,,,3169.092233
Villodas - Airport,6/14/2013,,,3135.271504
Villodas - Airport,6/15/2013,,,3269.188902
Villodas - Airport,6/16/2013,,,3302.923698
Villodas - Airport,6/17/2013,,,3378.225317
Villodas - Airport,6/18/2013,,,3455.908731
Villodas - Airport,6/19/2013,,,3636.774189
Villodas - Airport,6/20/2013,,,3570.305157
Villodas - Airport,6/21/2013,,,3380.654671
Villodas - Airport,6/22/2013,,,3425.689375
Villodas - Airport,6/23/2013,,,3555.717192
Villodas - Airport,6/24/2013,,,3581.455041
Villodas - Airport,6/25/2013,,,3612.179373
Villodas - Airport,6/26/2013,,,3650.765327
Villodas - Airport,6/27/2013,,,3577.523006
Villodas - Airport,6/28/2013,,,3527.241778
Villodas - Airport,6/29/2013,,,3533.077373
Villodas - Airport,6/30/2013,,,3653.099973
Villodas - Airport,7/1/2013,,,3641.893754
Villodas - Airport,7/2/2013,,,3612.910507
Villodas - Airport,7/3/2013,,,3628.780302
Villodas - Airport,7/4/2013,,,3699.723901
Villodas - Airport,7/5/2013,,,3675.766736
Villodas - Airport,7/6/2013,,,3661.072223
Villodas - Airport,7/7/2013,,,3621.77269
Villodas - Airport,7/8/2013,,,3717.342946
Villodas - Airport,7/9/2013,,,3695.111761
Villodas - Airport,7/10/2013,,,3744.530815
Villodas - Airport,7/11/2013,,,3754.691158
Villodas - Airport,7/12/2013,,,3705.745647
Villodas - Airport,7/13/2013,,,3709.833624
Villodas - Airport,7/14/2013,,,3700.291744
Villodas - Airport,7/15/2013,,,3786.282971
Villodas - Airport,7/16/2013,,,3690.85437
Villodas - Airport,7/17/2013,,,3592.139547
Villodas - Airport,7/18/2013,,,3617.957
Villodas - Airport,7/19/2013,,,3727.146092
Villodas - Airport,7/20/2013,,,3574.699305
Villodas - Airport,7/21/2013,,,3485.051187
Villodas - Airport,7/22/2013,,,3539.805349
Villodas - Airport,7/23/2013,,,3723.801086
Villodas - Airport,7/24/2013,,,3608.515951
Villodas - Airport,7/25/2013,,,3691.965153
Villodas - Airport,7/26/2013,,,3738.839733
Villodas - Airport,7/27/2013,,,3746.249447
Villodas - Airport,7/28/2013,,,3753.209297
Villodas - Airport,7/29/2013,,,3577.523822
Villodas - Airport,7/30/2013,,,3626.893889
Villodas - Airport,7/31/2013,,,3589.403206
Villodas - Airport,8/1/2013,,,3585.594455
Villodas - Airport,8/2/2013,,,3628.987681
Villodas - Airport,8/3/2013,,,3624.296345
Villodas - Airport,8/4/2013,,,3770.172322
Villodas - Airport,8/5/2013,,,3788.737227
Villodas - Airport,8/6/2013,,,3749.406261
Villodas - Airport,8/7/2013,,,3723.350404
Villodas - Airport,8/8/2013,,,3740.664096
Villodas - Airport,8/9/2013,,,3812.053478
Villodas - Airport,8/10/2013,,,3854.664134
Villodas - Airport,8/11/2013,,,3761.555891
Villodas - Airport,8/12/2013,,,3687.188498
Villodas - Airport,8/13/2013,,,3635.230685
Villodas - Airport,8/14/2013,,,3591.16756
Villodas - Airport,8/15/2013,,,3502.193424
Villodas - Airport,8/16/2013,,,3481.518805
Villodas - Airport,8/17/2013,,,3502.879652
Villodas - Airport,8/18/2013,,,3614.869584
Villodas - Airport,8/19/2013,,,3650.277088
Villodas - Airport,8/20/2013,,,3689.371692
Villodas - Airport,8/21/2013,,,3636.942786
Villodas - Airport,8/22/2013,,,3584.209752
Villodas - Airport,8/23/2013,,,3742.960368
Villodas - Airport,8/24/2013,,,3670.907618
Villodas - Airport,8/25/2013,,,3579.796826
Villodas - Airport,8/26/2013,,,3670.287523
Villodas - Airport,8/27/2013,,,3665.910113
Villodas - Airport,8/28/2013,,,3622.22623
Villodas - Airport,8/29/2013,,,3594.831391
Villodas - Airport,8/30/2013,,,3620.303892
Villodas - Airport,8/31/2013,,,3598.535227
Villodas - Airport,9/1/2013,,,3569.199681
Villodas - Airport,9/2/2013,,,3505.88583
Villodas - Airport,9/3/2013,,,3516.229467
Villodas - Airport,9/4/2013,,,3619.579699
Villodas - Airport,9/5/2013,,,3657.193258
Villodas - Airport,9/6/2013,,,3453.424266
Villodas - Airport,9/7/2013,,,3419.739681
Villodas - Airport,9/8/2013,,,3433.485272
Villodas - Airport,9/9/2013,,,3295.77729
Villodas - Airport,9/10/2013,,,3142.373416
Villodas - Airport,9/11/2013,,,3067.605554
Villodas - Airport,9/12/2013,,,3063.545948
Villodas - Airport,9/13/2013,,,3080.416102
Villodas - Airport,9/14/2013,,,3029.029806
Villodas - Airport,9/15/2013,,,3020.771389
Villodas - Airport,9/16/2013,,,2946.366235
Villodas - Airport,9/17/2013,,,2946.36399
Villodas - Airport,9/18/2013,,,3005.358807
Villodas - Airport,9/19/2013,,,3061.078424
Villodas - Airport,9/20/2013,,,3182.515528
Villodas - Airport,9/21/2013,,,3198.254283
Villodas - Airport,9/22/2013,,,3187.800425
Villodas - Airport,9/23/2013,,,3229.408478
Villodas - Airport,9/24/2013,,,3074.118395
Villodas - Airport,9/25/2013,,,2923.936448
Villodas - Airport,9/26/2013,,,2812.762356
Villodas - Airport,9/27/2013,,,2745.736708
Villodas - Airport,9/28/2013,,,2645.167722
Villodas - Airport,9/29/2013,,,2514.329575
Villodas - Airport,9/30/2013,,,2404.328725
Villodas - Airport,10/1/2013,,,2305.997635
Villodas - Airport,10/2/2013,,,2185.901146
Villodas - Airport,10/3/2013,,,2097.831435
Villodas - Airport,10/4/2013,,,2022.882116
Villodas - Airport,10/5/2013,,,1927.166327
Villodas - Airport,10/6/2013,,,1839.510762
Villodas - Airport,10/7/2013,,,1749.786918
Villodas - Airport,10/8/2013,,,1696.784863
Villodas - Airport,10/9/2013,,,1643.506642
Villodas - Airport,10/10/2013,,,1597.227461
Villodas - Airport,10/11/2013,,,1553.132086
Villodas - Airport,10/12/2013,,,1525.077349
Villodas - Airport,10/13/2013,,,1460.332053
Villodas - Airport,10/14/2013,,,1465.128507
Villodas - Airport,10/15/2013,,,1440.867213
Villodas - Airport,10/16/2013,,,1373.392721
Villodas - Airport,10/17/2013,,,1372.79916
Villodas - Airport,10/18/2013,,,1349.129589
Villodas - Airport,10/19/2013,,,1312.333708
Villodas - Airport,10/20/2013,,,1294.768141
Villodas - Airport,10/21/2013,,,1261.481576
Villodas - Airport,10/22/2013,,,1294.185398
Villodas - Airport,10/23/2013,,,1266.666254
Villodas - Airport,10/24/2013,,,1275.556605
Villodas - Airport,10/25/2013,,,1243.771497
Villodas - Airport,10/26/2013,,,1268.194449
Villodas - Airport,10/27/2013,,,1264.247513
Villodas - Airport,10/28/2013,,,1255.014456
Villodas - Airport,10/29/2013,,,1221.783002
Villodas - Airport,10/30/2013,,,1206.26622
Villodas - Airport,10/31/2013,,,1186.064634
Villodas - Airport,11/1/2013,,,1202.158137
Villodas - Airport,11/2/2013,,,1230.733771
Villodas - Airport,11/3/2013,,,1239.403476
Villodas - Airport,11/4/2013,,,1271.965439
Villodas - Airport,11/5/2013,,,1285.895139
Villodas - Airport,11/6/2013,,,1311.22619
Villodas - Airport,11/7/2013,,,1358.45613
Villodas - Airport,11/8/2013,,,1404.755315
Villodas - Airport,11/9/2013,,,1422.661751
Villodas - Airport,11/10/2013,,,1467.836272
Villodas - Airport,11/11/2013,,,1502.31996
Villodas - Airport,11/12/2013,,,1588.877601
Villodas - Airport,11/13/2013,,,1588.449576
Villodas - Airport,11/14/2013,,,1649.522877
Villodas - Airport,11/15/2013,,,1704.95796
Villodas - Airport,11/16/2013,,,1833.810086
Villodas - Airport,11/17/2013,,,1665.315313
Villodas - Airport,11/18/2013,,,1663.483602
Villodas - Airport,11/19/2013,,,1574.359851
Villodas - Airport,11/20/2013,,,1528.504612
Villodas - Airport,11/21/2013,,,1578.321891
Villodas - Airport,11/22/2013,,,1602.503989
Villodas - Airport,11/23/2013,,,1542.971334
Villodas - Airport,11/24/2013,,,1522.191189
Villodas - Airport,11/25/2013,,,1581.056394
Villodas - Airport,11/26/2013,,,1579.170593
Villodas - Airport,11/27/2013,,,1615.905241
Villodas - Airport,11/28/2013,,,1664.32863
Villodas - Airport,11/29/2013,,,1624.099974
Villodas - Airport,11/30/2013,,,1704.271528
Villodas - Airport,12/1/2013,,,1844.891592
Villodas - Airport,12/2/2013,,,1849.783571
Villodas - Airport,12/3/2013,,,1947.408022
Villodas - Airport,12/4/2013,,,2014.927827
Villodas - Airport,12/5/2013,,,2024.14129
Villodas - Airport,12/6/2013,,,1913.247649
Villodas - Airport,12/7/2013,,,1898.463123
Villodas - Airport,12/8/2013,,,1787.050218
Villodas - Airport,12/9/2013,,,1780.364901
Villodas - Airport,12/10/2013,,,1801.468566
Villodas - Airport,12/11/2013,,,1812.895022
Villodas - Airport,12/12/2013,,,1846.915986
Villodas - Airport,12/13/2013,,,1807.683606
Villodas - Airport,12/14/2013,,,1757.834486
Villodas - Airport,12/15/2013,,,1737.343365
Villodas - Airport,12/16/2013,,,1792.38696
Villodas - Airport,12/17/2013,,,1776.33877
Villodas - Airport,12/18/2013,,,1772.677593
Villodas - Airport,12/19/2013,,,1751.271025
Villodas - Airport,12/20/2013,,,1785.025824
Villodas - Airport,12/21/2013,,,1762.225776
Villodas - Airport,12/22/2013,,,1746.668478
Villodas - Airport,12/23/2013,,,1769.023151
Villodas - Airport,12/24/2013,,,1875.080944
Villodas - Airport,12/25/2013,,,1866.413688
Villodas - Airport,12/26/2013,,,1830.981487
Villodas - Airport,12/27/2013,,,1868.699143
Villodas - Airport,12/28/2013,,,1966.429936
Villodas - Airport,12/29/2013,,,2030.162627
Villodas - Airport,12/30/2013,,,2105.520172
Villodas - Airport,12/31/2013,,,2100.780257
Villodas - Airport,1/1/2014,,,2148.812158
Villodas - Airport,1/2/2014,,,2198.220394
Villodas - Airport,1/3/2014,,,2245.178659
Villodas - Airport,1/4/2014,,,2320.760525
Villodas - Airport,1/5/2014,,,2301.096063
Villodas - Airport,1/6/2014,,,2398.852166
Villodas - Airport,1/7/2014,,,2422.847909
Villodas - Airport,1/8/2014,,,2397.576867
Villodas - Airport,1/9/2014,,,2403.321835
Villodas - Airport,1/10/2014,,,2376.837341
Villodas - Airport,1/11/2014,,,2431.002841
Villodas - Airport,1/12/2014,,,2405.024751
Villodas - Airport,1/13/2014,,,2501.418808
Villodas - Airport,1/14/2014,,,2438.581765
Villodas - Airport,1/15/2014,,,2330.54081
Villodas - Airport,1/16/2014,,,2358.659638
Villodas - Airport,1/17/2014,,,2353.544971
Villodas - Airport,1/18/2014,,,2364.932034
Villodas - Airport,1/19/2014,,,2425.588536
Villodas - Airport,1/20/2014,,,2442.259067
Villodas - Airport,1/21/2014,,,2389.197615
Villodas - Airport,1/22/2014,,,2352.560942
Villodas - Airport,1/23/2014,,,2357.093886
Villodas - Airport,1/24/2014,,,2387.534297
Villodas - Airport,1/25/2014,,,2330.044407
Villodas - Airport,1/26/2014,,,2297.15872
Villodas - Airport,1/27/2014,,,2284.291225
Villodas - Airport,1/28/2014,,,2265.990442
Villodas - Airport,1/29/2014,,,2150.437103
Villodas - Airport,1/30/2014,,,2150.941466
Villodas - Airport,1/31/2014,,,2145.851905
Villodas - Airport,2/1/2014,,,2267.829909
Villodas - Airport,2/2/2014,,,2391.108726
Villodas - Airport,2/3/2014,,,2416.558163
Villodas - Airport,2/4/2014,,,2353.598857
Villodas - Airport,2/5/2014,,,2339.91001
Villodas - Airport,2/6/2014,,,2462.161934
Villodas - Airport,2/7/2014,,,2464.113868
Villodas - Airport,2/8/2014,,,2478.21237
Villodas - Airport,2/9/2014,,,2473.880681
Villodas - Airport,2/10/2014,,,2499.035991
Villodas - Airport,2/11/2014,,,2549.518882
Villodas - Airport,2/12/2014,,,2543.513262
Villodas - Airport,2/13/2014,,,2527.334847
Villodas - Airport,2/14/2014,,,2427.176536
Villodas - Airport,2/15/2014,,,2387.808829
Villodas - Airport,2/16/2014,,,2314.387705
Villodas - Airport,2/17/2014,,,2312.730307
Villodas - Airport,2/18/2014,,,2332.620722
Villodas - Airport,2/19/2014,,,2303.684421
Villodas - Airport,2/20/2014,,,2237.378476
Villodas - Airport,2/21/2014,,,2285.065222
Villodas - Airport,2/22/2014,,,2246.42824
Villodas - Airport,2/23/2014,,,2097.422801
Villodas - Airport,2/24/2014,,,2142.122146
Villodas - Airport,2/25/2014,,,2042.585972
Villodas - Airport,2/26/2014,,,1979.919569
Villodas - Airport,2/27/2014,,,1959.533566
Villodas - Airport,2/28/2014,,,1852.832001
Villodas - Airport,3/1/2014,,,1842.691252
Villodas - Airport,3/2/2014,,,1894.151845
Villodas - Airport,3/3/2014,,,1825.05894
Villodas - Airport,3/4/2014,,,1779.340049
Villodas - Airport,3/5/2014,,,1781.830842
Villodas - Airport,3/6/2014,,,1754.683796
Villodas - Airport,3/7/2014,,,1783.097772
Villodas - Airport,3/8/2014,,,1781.650202
Villodas - Airport,3/9/2014,,,1709.403952
Villodas - Airport,3/10/2014,,,1680.621552
Villodas - Airport,3/11/2014,,,1663.300104
Villodas - Airport,3/12/2014,,,1688.864457
Villodas - Airport,3/13/2014,,,1667.678331
Villodas - Airport,3/14/2014,,,1614.520945
Villodas - Airport,3/15/2014,,,1544.697519
Villodas - Airport,3/16/2014,,,1562.776023
Villodas - Airport,3/17/2014,,,1576.487934
Villodas - Airport,3/18/2014,,,1537.506818
Villodas - Airport,3/19/2014,,,1474.421574
Villodas - Airport,3/20/2014,,,1445.103989
Villodas - Airport,3/21/2014,,,1424.9866
Villodas - Airport,3/22/2014,,,1354.021569
Villodas - Airport,3/23/2014,,,1279.979328
Villodas - Airport,3/24/2014,,,1259.594142
Villodas - Airport,3/25/2014,,,1268.165669
Villodas - Airport,3/26/2014,,,1235.416024
Villodas - Airport,3/27/2014,,,1184.99304
Villodas - Airport,3/28/2014,,,1146.038254
Villodas - Airport,3/29/2014,,,1070.659481
Villodas - Airport,3/30/2014,,,1068.613757
Villodas - Airport,3/31/2014,,,1052.694566
Villodas - Airport,4/1/2014,,,1045.978326
Villodas - Airport,4/2/2014,,,1020.615841
Villodas - Airport,4/3/2014,,,1012.839335
Villodas - Airport,4/4/2014,,,1009.489838
Villodas - Airport,4/5/2014,,,1034.069447
Villodas - Airport,4/6/2014,,,1034.038116
Villodas - Airport,4/7/2014,,,998.4334387
Villodas - Airport,4/8/2014,,,959.30781
Villodas - Airport,4/9/2014,,,1016.229042
Villodas - Airport,4/10/2014,,,1042.881725
Villodas - Airport,4/11/2014,,,1061.85649
Villodas - Airport,4/12/2014,,,1011.241435
Villodas - Airport,4/13/2014,,,991.8975323
Villodas - Airport,4/14/2014,,,980.0687684
Villodas - Airport,4/15/2014,,,978.9598218
Villodas - Airport,4/16/2014,,,985.2629372
Villodas - Airport,4/17/2014,,,990.7285764
Villodas - Airport,4/18/2014,,,1006.003178
Villodas - Airport,4/19/2014,,,1064.463831
Villodas - Airport,4/20/2014,,,1096.744628
Villodas - Airport,4/21/2014,,,1111.295546
Villodas - Airport,4/22/2014,,,1091.751102
Villodas - Airport,4/23/2014,,,1040.537078
Villodas - Airport,4/24/2014,,,1054.980531
Villodas - Airport,4/25/2014,,,1063.803117
Villodas - Airport,4/26/2014,,,1085.810594
Villodas - Airport,4/27/2014,,,1069.478278
Villodas - Airport,4/28/2014,,,1072.930443
Villodas - Airport,4/29/2014,,,1074.658669
Villodas - Airport,4/30/2014,,,1101.711619
Villodas - Airport,5/1/2014,,,1114.974073
Villodas - Airport,5/2/2014,,,1106.541752
Villodas - Airport,5/3/2014,,,1106.497663
Villodas - Airport,5/4/2014,,,1081.387871
Villodas - Airport,5/5/2014,,,1163.221517
Villodas - Airport,5/6/2014,,,1167.567086
Villodas - Airport,5/7/2014,,,1258.117996
Villodas - Airport,5/8/2014,,,1357.44475
Villodas - Airport,5/9/2014,,,1455.313524
Villodas - Airport,5/10/2014,,,1409.412972
Villodas - Airport,5/11/2014,,,1410.972396
Villodas - Airport,5/12/2014,,,1423.431462
Villodas - Airport,5/13/2014,,,1420.963122
Villodas - Airport,5/14/2014,,,1484.243089
Villodas - Airport,5/15/2014,,,1523.436484
Villodas - Airport,5/16/2014,,,1602.283139
Villodas - Airport,5/17/2014,,,1626.005779
Villodas - Airport,5/18/2014,,,1673.091411
Villodas - Airport,5/19/2014,,,1752.743905
Villodas - Airport,5/20/2014,,,1849.630078
Villodas - Airport,5/21/2014,,,1883.737177
Villodas - Airport,5/22/2014,,,1896.269519
Villodas - Airport,5/23/2014,,,1870.699043
Villodas - Airport,5/24/2014,,,1854.091787
Villodas - Airport,5/25/2014,,,1915.751301
Villodas - Airport,5/26/2014,,,1971.155155
Villodas - Airport,5/27/2014,,,2016.867106
Villodas - Airport,5/28/2014,,,2066.528238
Villodas - Airport,5/29/2014,,,2148.497824
Villodas - Airport,5/30/2014,,,2143.852821
Villodas - Airport,5/31/2014,,,2152.750725
Villodas - Airport,6/1/2014,,,2202.031798
Villodas - Airport,6/2/2014,,,2122.672207
Villodas - Airport,6/3/2014,,,2060.880019
Villodas - Airport,6/4/2014,,,2054.281246
Villodas - Airport,6/5/2014,,,2138.058662
Villodas - Airport,6/6/2014,,,2148.166548
Villodas - Airport,6/7/2014,,,2153.60351
Villodas - Airport,6/8/2014,,,2198.820486
Villodas - Airport,6/9/2014,,,2183.72877
Villodas - Airport,6/10/2014,,,2248.610005
Villodas - Airport,6/11/2014,,,2224.846134
Villodas - Airport,6/12/2014,,,2193.673366
Villodas - Airport,6/13/2014,,,2174.095651
Villodas - Airport,6/14/2014,,,2136.285327
Villodas - Airport,6/15/2014,,,2182.956406
Villodas - Airport,6/16/2014,,,2158.953111
Villodas - Airport,6/17/2014,,,2155.194571
Villodas - Airport,6/18/2014,,,2108.947232
Villodas - Airport,6/19/2014,,,2097.190112
Villodas - Airport,6/20/2014,,,2159.151917
Villodas - Airport,6/21/2014,,,2179.211542
Villodas - Airport,6/22/2014,,,2176.110248
Villodas - Airport,6/23/2014,,,2141.070964
Villodas - Airport,6/24/2014,,,2114.297445
Villodas - Airport,6/25/2014,,,2035.27464
Villodas - Airport,6/26/2014,,,2034.288774
Villodas - Airport,6/27/2014,,,1948.898252
Villodas - Airport,6/28/2014,,,1909.450737
Villodas - Airport,6/29/2014,,,1855.817768
Villodas - Airport,6/30/2014,,,1849.554965
Villodas - Airport,7/1/2014,,,1768.426937
Villodas - Airport,7/2/2014,,,1766.132501
Villodas - Airport,7/3/2014,,,1680.229451
Villodas - Airport,7/4/2014,,,1640.546594
Villodas - Airport,7/5/2014,,,1635.371101
Villodas - Airport,7/6/2014,,,1602.649318
Villodas - Airport,7/7/2014,,,1595.016712
Villodas - Airport,7/8/2014,,,1617.424046
Villodas - Airport,7/9/2014,,,1570.617028
Villodas - Airport,7/10/2014,,,1513.907666
Villodas - Airport,7/11/2014,,,1531.652445
Villodas - Airport,7/12/2014,,,1508.121263
Villodas - Airport,7/13/2014,,,1534.765374
Villodas - Airport,7/14/2014,,,1603.876446
Villodas - Airport,7/15/2014,,,1598.071264
Villodas - Airport,7/16/2014,,,1669.729668
Villodas - Airport,7/17/2014,,,1729.29049
Villodas - Airport,7/18/2014,,,1678.252003
Villodas - Airport,7/19/2014,,,1771.125925
Villodas - Airport,7/20/2014,,,1845.982372
Villodas - Airport,7/21/2014,,,1929.172555
Villodas - Airport,7/22/2014,,,2033.975868
Villodas - Airport,7/23/2014,,,2120.374097
Villodas - Airport,7/24/2014,,,2182.079128
Villodas - Airport,7/25/2014,,,2305.948852
Villodas - Airport,7/26/2014,,,2430.532564
Villodas - Airport,7/27/2014,,,2610.559933
Villodas - Airport,7/28/2014,,,2695.286067
Villodas - Airport,7/29/2014,,,2835.329511
Villodas - Airport,7/30/2014,,,2914.650525
Villodas - Airport,7/31/2014,,,3072.451608
Villodas - Airport,8/1/2014,,,3147.956319
Villodas - Airport,8/2/2014,,,3264.148532
Villodas - Airport,8/3/2014,,,3186.304685
Villodas - Airport,8/4/2014,,,3330.19709
Villodas - Airport,8/5/2014,,,3420.640229
Villodas - Airport,8/6/2014,,,3613.470185
Villodas - Airport,8/7/2014,,,3593.808376
Villodas - Airport,8/8/2014,,,3719.225686
Villodas - Airport,8/9/2014,,,3730.678473
Villodas - Airport,8/10/2014,,,3625.309154
Villodas - Airport,8/11/2014,,,3893.309689
Villodas - Airport,8/12/2014,,,4133.461436
Villodas - Airport,8/13/2014,,,3981.227335
Villodas - Airport,8/14/2014,,,3840.208026
Villodas - Airport,8/15/2014,,,3874.258994
Villodas - Airport,8/16/2014,,,3974.117667
Villodas - Airport,8/17/2014,,,4065.452984
Villodas - Airport,8/18/2014,,,3723.272024
Villodas - Airport,8/19/2014,,,3734.506411
Villodas - Airport,8/20/2014,,,3820.325366
Villodas - Airport,8/21/2014,,,3853.208399
Villodas - Airport,8/22/2014,,,3867.289755
Villodas - Airport,8/23/2014,,,3855.937392
Villodas - Airport,8/24/2014,,,3758.091683
Villodas - Airport,8/25/2014,,,3665.242663
Villodas - Airport,8/26/2014,,,3642.656729
Villodas - Airport,8/27/2014,,,3569.500952
Villodas - Airport,8/28/2014,,,3506.542258
Villodas - Airport,8/29/2014,,,3429.145418
Villodas - Airport,8/30/2014,,,3500.282925
Villodas - Airport,8/31/2014,,,3445.457731
Villodas - Airport,9/1/2014,,,3419.471681
Villodas - Airport,9/2/2014,,,3524.802627
Villodas - Airport,9/3/2014,,,3549.056165
Villodas - Airport,9/4/2014,,,3554.548849
Villodas - Airport,9/5/2014,,,3565.036998
Villodas - Airport,9/6/2014,,,3486.237084
Villodas - Airport,9/7/2014,,,3532.888364
Villodas - Airport,9/8/2014,,,3577.751204
Villodas - Airport,9/9/2014,,,3464.376569
Villodas - Airport,9/10/2014,,,3479.755268
Villodas - Airport,9/11/2014,,,3489.167741
Villodas - Airport,9/12/2014,,,3524.596472
Villodas - Airport,9/13/2014,,,3532.392777
Villodas - Airport,9/14/2014,,,3642.570593
Villodas - Airport,9/15/2014,,,3689.380265
Villodas - Airport,9/16/2014,,,3678.325498
Villodas - Airport,9/17/2014,,,3697.499885
Villodas - Airport,9/18/2014,,,3833.22205
Villodas - Airport,9/19/2014,,,3846.22324
Villodas - Airport,9/20/2014,,,3773.970867
Villodas - Airport,9/21/2014,,,3788.268175
Villodas - Airport,9/22/2014,,,3913.743862
Villodas - Airport,9/23/2014,,,4063.106499
Villodas - Airport,9/24/2014,,,4088.950487
Villodas - Airport,9/25/2014,,,4085.481788
Villodas - Airport,9/26/2014,,,4068.317915
Villodas - Airport,9/27/2014,,,4051.447966
Villodas - Airport,9/28/2014,,,4023.11339
Villodas - Airport,9/29/2014,,,4005.033457
Villodas - Airport,9/30/2014,,,3953.174435
Villodas - Airport,10/1/2014,,,3914.523982
Villodas - Airport,10/2/2014,,,3879.687587
Villodas - Airport,10/3/2014,,,3918.8075
Villodas - Airport,10/4/2014,,,3958.681816
Villodas - Airport,10/5/2014,,,4006.714941
Villodas - Airport,10/6/2014,,,3977.287544
Villodas - Airport,10/7/2014,,,3893.045566
Villodas - Airport,10/8/2014,,,3744.621441
Villodas - Airport,10/9/2014,,,3701.378851
Villodas - Airport,10/10/2014,,,3757.236857
Villodas - Airport,10/11/2014,,,3875.110962
Villodas - Airport,10/12/2014,,,3913.153158
Villodas - Airport,10/13/2014,,,3924.937426
Villodas - Airport,10/14/2014,,,3940.658627
Villodas - Airport,10/15/2014,,,3848.162723
Villodas - Airport,10/16/2014,,,3834.242616
Villodas - Airport,10/17/2014,,,3839.649164
Villodas - Airport,10/18/2014,,,3838.502048
Villodas - Airport,10/19/2014,,,3797.026261
Villodas - Airport,10/20/2014,,,3825.304502
Villodas - Airport,10/21/2014,,,3829.18306
Villodas - Airport,10/22/2014,,,3752.395702
Villodas - Airport,10/23/2014,,,3728.592029
Villodas - Airport,10/24/2014,,,3719.199968
Villodas - Airport,10/25/2014,,,3695.384048
Villodas - Airport,10/26/2014,,,3681.558241
Villodas - Airport,10/27/2014,,,3793.700034
Villodas - Airport,10/28/2014,,,3815.024957
Villodas - Airport,10/29/2014,,,3835.943695
Villodas - Airport,10/30/2014,,,4011.47241
Villodas - Airport,10/31/2014,,,4097.159508
Villodas - Airport,11/1/2014,,,4000.538478
Villodas - Airport,11/2/2014,,,4064.661433
Villodas - Airport,11/3/2014,,,4073.041093
Villodas - Airport,11/4/2014,,,4074.800957
Villodas - Airport,11/5/2014,,,3950.182953
Villodas - Airport,11/6/2014,,,3807.183747
Villodas - Airport,11/7/2014,,,3957.035439
Villodas - Airport,11/8/2014,,,4074.156776
Villodas - Airport,11/9/2014,,,3859.869427
Villodas - Airport,11/10/2014,,,3882.223896
Villodas - Airport,11/11/2014,,,3892.284632
Villodas - Airport,11/12/2014,,,3961.849651
Villodas - Airport,11/13/2014,,,3954.699569
Villodas - Airport,11/14/2014,,,3952.221227
Villodas - Airport,11/15/2014,,,3936.113436
Villodas - Airport,11/16/2014,,,3975.259067
Villodas - Airport,11/17/2014,,,4048.697337
Villodas - Airport,11/18/2014,,,4141.879061
Villodas - Airport,11/19/2014,,,4288.329004
Villodas - Airport,11/20/2014,,,4209.817707
Villodas - Airport,11/21/2014,,,4231.893358
Villodas - Airport,11/22/2014,,,4483.957964
Villodas - Airport,11/23/2014,,,4460.584562
Villodas - Airport,11/24/2014,,,4324.618277
Villodas - Airport,11/25/2014,,,4317.88336
Villodas - Airport,11/26/2014,,,4285.129735
Villodas - Airport,11/27/2014,,,4148.514371
Villodas - Airport,11/28/2014,,,4125.498167
Villodas - Airport,11/29/2014,,,4212.796126
Villodas - Airport,11/30/2014,,,4219.892323
Villodas - Airport,12/1/2014,,,4141.873754
Villodas - Airport,12/2/2014,,,4146.685517
Villodas - Airport,12/3/2014,,,4256.903339
Villodas - Airport,12/4/2014,,,4314.179524
Villodas - Airport,12/5/2014,,,4161.700487
Villodas - Airport,12/6/2014,,,4112.963579
Villodas - Airport,12/7/2014,,,3937.624281
Villodas - Airport,12/8/2014,,,3762.628301
Villodas - Airport,12/9/2014,,,3703.880461
Villodas - Airport,12/10/2014,,,3735.282449
Villodas - Airport,12/11/2014,,,3718.355347
Villodas - Airport,12/12/2014,,,3706.308183
Villodas - Airport,12/13/2014,,,3698.138351
Villodas - Airport,12/14/2014,,,3754.226188
Villodas - Airport,12/15/2014,,,3866.781106
Villodas - Airport,12/16/2014,,,3854.194674
Villodas - Airport,12/17/2014,,,3662.646344
Villodas - Airport,12/18/2014,,,3565.630967
Villodas - Airport,12/19/2014,,,3559.721892
Villodas - Airport,12/20/2014,,,3526.696796
Villodas - Airport,12/21/2014,,,3465.119949
Villodas - Airport,12/22/2014,,,3558.254727
Villodas - Airport,12/23/2014,,,3608.587799
Villodas - Airport,12/24/2014,,,3443.426397
Villodas - Airport,12/25/2014,,,3461.282214
Villodas - Airport,12/26/2014,,,3502.405293
Villodas - Airport,12/27/2014,,,3433.949833
Villodas - Airport,12/28/2014,,,3427.266761
Villodas - Airport,12/29/2014,,,3465.453061
Villodas - Airport,12/30/2014,,,3492.971593
Villodas - Airport,12/31/2014,,,3500.457646
Villodas - Airport,1/1/2015,,,3464.981968
Villodas - Airport,1/2/2015,,,3472.677033
Villodas - Airport,1/3/2015,,,3409.664862
Villodas - Airport,1/4/2015,,,3386.778065
Villodas - Airport,1/5/2015,,,3350.785165
Villodas - Airport,1/6/2015,,,3314.394856
Villodas - Airport,1/7/2015,,,3325.097936
Villodas - Airport,1/8/2015,,,3311.021478
Villodas - Airport,1/9/2015,,,3356.783437
Villodas - Airport,1/10/2015,,,3339.900628
Villodas - Airport,1/11/2015,,,3322.069918
Villodas - Airport,1/12/2015,,,3311.505635
Villodas - Airport,1/13/2015,,,3318.051134
Villodas - Airport,1/14/2015,,,3334.672883
Villodas - Airport,1/15/2015,,,3337.278183
Villodas - Airport,1/16/2015,,,3330.853518
Villodas - Airport,1/17/2015,,,3343.776736
Villodas - Airport,1/18/2015,,,3353.800732
Villodas - Airport,1/19/2015,,,3252.600628
Villodas - Airport,1/20/2015,,,3206.705383
Villodas - Airport,1/21/2015,,,3283.697671
Villodas - Airport,1/22/2015,,,3364.921836
Villodas - Airport,1/23/2015,,,3330.078705
Villodas - Airport,1/24/2015,,,3284.090793
Villodas - Airport,1/25/2015,,,3222.638454
Villodas - Airport,1/26/2015,,,3217.665033
Villodas - Airport,1/27/2015,,,3208.231741
Villodas - Airport,1/28/2015,,,3151.898764
Villodas - Airport,1/29/2015,,,3209.273535
Villodas - Airport,1/30/2015,,,3319.898358
Villodas - Airport,1/31/2015,,,3388.29585
Villodas - Airport,2/1/2015,,,3378.717842
Villodas - Airport,2/2/2015,,,3389.074338
Villodas - Airport,2/3/2015,,,3410.391096
Villodas - Airport,2/4/2015,,,3363.741858
Villodas - Airport,2/5/2015,,,3280.291839
Villodas - Airport,2/6/2015,,,3225.620138
Villodas - Airport,2/7/2015,,,3193.966479
Villodas - Airport,2/8/2015,,,3179.505676
Villodas - Airport,2/9/2015,,,3221.644015
Villodas - Airport,2/10/2015,,,3258.313142
Villodas - Airport,2/11/2015,,,3319.773441
Villodas - Airport,2/12/2015,,,3272.525743
Villodas - Airport,2/13/2015,,,3260.573695
Villodas - Airport,2/14/2015,,,3229.276417
Villodas - Airport,2/15/2015,,,3176.151281
Villodas - Airport,2/16/2015,,,3185.766234
Villodas - Airport,2/17/2015,,,3242.193716
Villodas - Airport,2/18/2015,,,3338.295074
Villodas - Airport,2/19/2015,,,3401.078231
Villodas - Airport,2/20/2015,,,3425.878792
Villodas - Airport,2/21/2015,,,3469.462659
Villodas - Airport,2/22/2015,,,3405.266632
Villodas - Airport,2/23/2015,,,3379.970892
Villodas - Airport,2/24/2015,,,3373.477646
Villodas - Airport,2/25/2015,,,3461.360185
Villodas - Airport,2/26/2015,,,3514.129143
Villodas - Airport,2/27/2015,,,3528.440739
Villodas - Airport,2/28/2015,,,3556.931665
Villodas - Airport,3/1/2015,,,3491.791002
Villodas - Airport,3/2/2015,,,3431.325347
Villodas - Airport,3/3/2015,,,3321.047719
Villodas - Airport,3/4/2015,,,3154.329547
Villodas - Airport,3/5/2015,,,3154.525087
Villodas - Airport,3/6/2015,,,3120.521882
Villodas - Airport,3/7/2015,,,3047.008498
Villodas - Airport,3/8/2015,,,3058.343512
Villodas - Airport,3/9/2015,,,3177.676619
Villodas - Airport,3/10/2015,,,3032.199275
Villodas - Airport,3/11/2015,,,3168.463973
Villodas - Airport,3/12/2015,,,3131.988957
Villodas - Airport,3/13/2015,,,3272.051384
Villodas - Airport,3/14/2015,,,3363.273622
Villodas - Airport,3/15/2015,,,3250.543984
Villodas - Airport,3/16/2015,,,3271.018572
Villodas - Airport,3/17/2015,,,3203.055228
Villodas - Airport,3/18/2015,,,3129.651454
Villodas - Airport,3/19/2015,,,3232.90861
Villodas - Airport,3/20/2015,,,3212.784689
Villodas - Airport,3/21/2015,,,3163.811418
Villodas - Airport,3/22/2015,,,3274.477473
Villodas - Airport,3/23/2015,,,3290.158463
Villodas - Airport,3/24/2015,,,3287.210866
Villodas - Airport,3/25/2015,,,3217.381112
Villodas - Airport,3/26/2015,,,3175.870422
Villodas - Airport,3/27/2015,,,3193.752772
Villodas - Airport,3/28/2015,,,3168.574602
Villodas - Airport,3/29/2015,,,3090.83077
Villodas - Airport,3/30/2015,,,3114.94347
Villodas - Airport,3/31/2015,,,2861.622548
Villodas - Airport,4/1/2015,,,2899.217328
Villodas - Airport,4/2/2015,,,3044.295631
Villodas - Airport,4/3/2015,,,2873.274958
Villodas - Airport,4/4/2015,,,2833.524743
Villodas - Airport,4/5/2015,,,2795.117797
Villodas - Airport,4/6/2015,,,2877.321092
Villodas - Airport,4/7/2015,,,2916.34099
Villodas - Airport,4/8/2015,,,2884.63814
Villodas - Airport,4/9/2015,,,2896.721228
Villodas - Airport,4/10/2015,,,3003.515053
Villodas - Airport,4/11/2015,,,3011.36157
Villodas - Airport,4/12/2015,,,2867.07543
Villodas - Airport,4/13/2015,,,2806.059689
Villodas - Airport,4/14/2015,,,2826.464878
Villodas - Airport,4/15/2015,,,2843.039476
Villodas - Airport,4/16/2015,,,2797.807191
Villodas - Airport,4/17/2015,,,2858.636577
Villodas - Airport,4/18/2015,,,2917.516274
Villodas - Airport,4/19/2015,,,2915.938479
Villodas - Airport,4/20/2015,,,3064.932488
Villodas - Airport,4/21/2015,,,3116.837027
Villodas - Airport,4/22/2015,,,3018.169355
Villodas - Airport,4/23/2015,,,2917.414829
Villodas - Airport,4/24/2015,,,2857.180434
Villodas - Airport,4/25/2015,,,2801.186488
Villodas - Airport,4/26/2015,,,2803.891395
Villodas - Airport,4/27/2015,,,2734.684595
Villodas - Airport,4/28/2015,,,2722.7997
Villodas - Airport,4/29/2015,,,2619.721755
Villodas - Airport,4/30/2015,,,2505.056512
Villodas - Airport,5/1/2015,,,2343.975536
Villodas - Airport,5/2/2015,,,2253.930214
Villodas - Airport,5/3/2015,,,2171.394418
Villodas - Airport,5/4/2015,,,2091.286752
Villodas - Airport,5/5/2015,,,1989.461857
Villodas - Airport,5/6/2015,,,1928.666354
Villodas - Airport,5/7/2015,,,1831.834067
Villodas - Airport,5/8/2015,,,1773.786948
Villodas - Airport,5/9/2015,,,1714.770903
Villodas - Airport,5/10/2015,,,1727.615742
Villodas - Airport,5/11/2015,,,1685.362488
Villodas - Airport,5/12/2015,,,1756.066662
Villodas - Airport,5/13/2015,,,1701.319236
Villodas - Airport,5/14/2015,,,1714.348185
Villodas - Airport,5/15/2015,,,1687.360143
Villodas - Airport,5/16/2015,,,1784.622497
Villodas - Airport,5/17/2015,,,1825.660053
Villodas - Airport,5/18/2015,,,1824.05654
Villodas - Airport,5/19/2015,,,1843.56302
Villodas - Airport,5/20/2015,,,2052.773462
Villodas - Airport,5/21/2015,,,2174.85087
Villodas - Airport,5/22/2015,,,2089.02028
Villodas - Airport,5/23/2015,,,2168.943223
Villodas - Airport,5/24/2015,,,2222.325133
Villodas - Airport,5/25/2015,,,2301.054423
Villodas - Airport,5/26/2015,,,2344.437444
Villodas - Airport,5/27/2015,,,2396.720613
Villodas - Airport,5/28/2015,,,2391.757194
Villodas - Airport,5/29/2015,,,2568.884115
Villodas - Airport,5/30/2015,,,2744.767579
Villodas - Airport,5/31/2015,,,2657.047106
Villodas - Airport,6/1/2015,,,2687.266462
Villodas - Airport,6/2/2015,,,2839.701818
Villodas - Airport,6/3/2015,,,2888.371777
Villodas - Airport,6/4/2015,,,2814.904523
Villodas - Airport,6/5/2015,,,2780.861924
Villodas - Airport,6/6/2015,,,2679.199095
Villodas - Airport,6/7/2015,,,2622.420538
Villodas - Airport,6/8/2015,,,2561.620953
Villodas - Airport,6/9/2015,,,2572.045215
Villodas - Airport,6/10/2015,,,2551.429993
Villodas - Airport,6/11/2015,,,2585.704057
Villodas - Airport,6/12/2015,,,2634.236239
Villodas - Airport,6/13/2015,,,2639.291509
Villodas - Airport,6/14/2015,,,2634.357891
Villodas - Airport,6/15/2015,,,2619.762781
Villodas - Airport,6/16/2015,,,2610.183344
Villodas - Airport,6/17/2015,,,2770.366631
Villodas - Airport,6/18/2015,,,2928.088517
Villodas - Airport,6/19/2015,,,2768.465725
Villodas - Airport,6/20/2015,,,2756.357531
Villodas - Airport,6/21/2015,,,2745.891834
Villodas - Airport,6/22/2015,,,2865.958115
Villodas - Airport,6/23/2015,,,2956.220613
Villodas - Airport,6/24/2015,,,2840.834646
Villodas - Airport,6/25/2015,,,2757.28053
Villodas - Airport,6/26/2015,,,2793.560822
Villodas - Airport,6/27/2015,,,2822.715116
Villodas - Airport,6/28/2015,,,2814.908605
Villodas - Airport,6/29/2015,,,2839.165001
Villodas - Airport,6/30/2015,,,2958.43769
Villodas - Airport,7/1/2015,,,3098.180679
Villodas - Airport,7/2/2015,,,2968.426374
Villodas - Airport,7/3/2015,,,3003.287467
Villodas - Airport,7/4/2015,,,3022.702095
Villodas - Airport,7/5/2015,,,3027.444867
Villodas - Airport,7/6/2015,,,3158.830037
Villodas - Airport,7/7/2015,,,3183.044998
Villodas - Airport,7/8/2015,,,3260.69902
Villodas - Airport,7/9/2015,,,3307.806493
Villodas - Airport,7/10/2015,,,3402.088591
Villodas - Airport,7/11/2015,,,3372.079675
Villodas - Airport,7/12/2015,,,3645.472674
Villodas - Airport,7/13/2015,,,3687.7196
Villodas - Airport,7/14/2015,,,3653.805388
Villodas - Airport,7/15/2015,,,3646.963108
Villodas - Airport,7/16/2015,,,3726.077763
Villodas - Airport,7/17/2015,,,3661.926233
Villodas - Airport,7/18/2015,,,3682.322033
Villodas - Airport,7/19/2015,,,3716.141536
Villodas - Airport,7/20/2015,,,3874.886846
Villodas - Airport,7/21/2015,,,3906.285976
Villodas - Airport,7/22/2015,,,3960.774384
Villodas - Airport,7/23/2015,,,4093.566301
Villodas - Airport,7/24/2015,,,4225.619737
Villodas - Airport,7/25/2015,,,4223.636574
Villodas - Airport,7/26/2015,,,4207.165869
Villodas - Airport,7/27/2015,,,4222.045308
Villodas - Airport,7/28/2015,,,4255.533332
Villodas - Airport,7/29/2015,,,4351.003164
Villodas - Airport,7/30/2015,,,4457.840465
Villodas - Airport,7/31/2015,,,4531.454272
Villodas - Airport,8/1/2015,,,4491.515048
Villodas - Airport,8/2/2015,,,4549.580334
Villodas - Airport,8/3/2015,,,4613.733498
Villodas - Airport,8/4/2015,,,4680.845077
Villodas - Airport,8/5/2015,,,4736.011548
Villodas - Airport,8/6/2015,,,4840.23171
Villodas - Airport,8/7/2015,,,4830.189752
Villodas - Airport,8/8/2015,,,4885.543191
Villodas - Airport,8/9/2015,,,4842.460217
Villodas - Airport,8/10/2015,,,4801.199157
Villodas - Airport,8/11/2015,,,4848.506456
Villodas - Airport,8/12/2015,,,4862.084061
Villodas - Airport,8/13/2015,,,4776.675373
Villodas - Airport,8/14/2015,,,4771.858712
Villodas - Airport,8/15/2015,,,4815.494832
Villodas - Airport,8/16/2015,,,4938.79753
Villodas - Airport,8/17/2015,,,4909.611394
Villodas - Airport,8/18/2015,,,4691.496925
Villodas - Airport,8/19/2015,,,4604.227133
Villodas - Airport,8/20/2015,,,4554.914218
Villodas - Airport,8/21/2015,,,4522.485541
Villodas - Airport,8/22/2015,,,4413.783055
Villodas - Airport,8/23/2015,,,4348.843239
Villodas - Airport,8/24/2015,,,4429.591208
Villodas - Airport,8/25/2015,,,4642.723685
Villodas - Airport,8/26/2015,,,4656.636036
Villodas - Airport,8/27/2015,,,4459.828935
Villodas - Airport,8/28/2015,,,4358.527182
Villodas - Airport,8/29/2015,,,4414.888532
Villodas - Airport,8/30/2015,,,4366.434525
Villodas - Airport,8/31/2015,,,4288.50495
Villodas - Airport,9/1/2015,,,4182.649025
Villodas - Airport,9/2/2015,,,4165.571697
Villodas - Airport,9/3/2015,,,4090.376421
Villodas - Airport,9/4/2015,,,4127.754025
Villodas - Airport,9/5/2015,,,4140.651117
Villodas - Airport,9/6/2015,,,4068.511007
Villodas - Airport,9/7/2015,,,4068.970669
Villodas - Airport,9/8/2015,,,3932.403884
Villodas - Airport,9/9/2015,,,3878.995643
Villodas - Airport,9/10/2015,,,3946.190501
Villodas - Airport,9/11/2015,,,3974.541406
Villodas - Airport,9/12/2015,,,3911.890106
Villodas - Airport,9/13/2015,,,3985.025472
Villodas - Airport,9/14/2015,,,3915.38534
Villodas - Airport,9/15/2015,,,3918.722181
Villodas - Airport,9/16/2015,,,3949.329352
Villodas - Airport,9/17/2015,,,3941.169318
Villodas - Airport,9/18/2015,,,3929.519765
Villodas - Airport,9/19/2015,,,3881.649522
Villodas - Airport,9/20/2015,,,3942.436044
Villodas - Airport,9/21/2015,,,4009.788068
Villodas - Airport,9/22/2015,,,4055.457564
Villodas - Airport,9/23/2015,,,4121.602055
Villodas - Airport,9/24/2015,,,4173.135313
Villodas - Airport,9/25/2015,,,4083.655384
Villodas - Airport,9/26/2015,,,4082.967115
Villodas - Airport,9/27/2015,,,3924.859863
Villodas - Airport,9/28/2015,,,3754.064122
Villodas - Airport,9/29/2015,,,3572.881882
Villodas - Airport,9/30/2015,,,3423.034475
Villodas - Airport,10/1/2015,,,3216.507712
Villodas - Airport,10/2/2015,,,3116.324908
Villodas - Airport,10/3/2015,,,2937.685712
Villodas - Airport,10/4/2015,,,2795.662575
Villodas - Airport,10/5/2015,,,2701.176363
Villodas - Airport,10/6/2015,,,2578.819117
Villodas - Airport,10/7/2015,,,2468.038759
Villodas - Airport,10/8/2015,,,2417.61057
Villodas - Airport,10/9/2015,,,2379.360791
Villodas - Airport,10/10/2015,,,2373.242704
Villodas - Airport,10/11/2015,,,2364.008014
Villodas - Airport,10/12/2015,,,2302.585476
Villodas - Airport,10/13/2015,,,2248.818405
Villodas - Airport,10/14/2015,,,2246.279237
Villodas - Airport,10/15/2015,,,2269.102759
Villodas - Airport,10/16/2015,,,2305.574509
Villodas - Airport,10/17/2015,,,2347.941045
Villodas - Airport,10/18/2015,,,2399.948253
Villodas - Airport,10/19/2015,,,2379.980887
Villodas - Airport,10/20/2015,,,2290.622406
Villodas - Airport,10/21/2015,,,2210.657415
Villodas - Airport,10/22/2015,,,2169.880511
Villodas - Airport,10/23/2015,,,2172.354362
Villodas - Airport,10/24/2015,,,2193.974841
Villodas - Airport,10/25/2015,,,2253.816319
Villodas - Airport,10/26/2015,,,2205.103701
Villodas - Airport,10/27/2015,,,2249.817743
Villodas - Airport,10/28/2015,,,2324.962602
Villodas - Airport,10/29/2015,,,2343.929202
Villodas - Airport,10/30/2015,,,2298.424426
Villodas - Airport,10/31/2015,,,2323.567897
Villodas - Airport,11/1/2015,,,2419.724774
Villodas - Airport,11/2/2015,,,2421.594859
Villodas - Airport,11/3/2015,,,2398.062656
Villodas - Airport,11/4/2015,,,2380.97553
Villodas - Airport,11/5/2015,,,2440.201403
Villodas - Airport,11/6/2015,,,2447.120226
Villodas - Airport,11/7/2015,,,2542.60108
Villodas - Airport,11/8/2015,,,2559.068927
Villodas - Airport,11/9/2015,,,2488.864422
Villodas - Airport,11/10/2015,,,2566.285143
Villodas - Airport,11/11/2015,,,2640.931966
Villodas - Airport,11/12/2015,,,2517.833993
Villodas - Airport,11/13/2015,,,2574.446198
Villodas - Airport,11/14/2015,,,2588.049113
Villodas - Airport,11/15/2015,,,2573.13273
Villodas - Airport,11/16/2015,,,2686.283249
Villodas - Airport,11/17/2015,,,2756.257923
Villodas - Airport,11/18/2015,,,2787.025324
Villodas - Airport,11/19/2015,,,2811.592175
Villodas - Airport,11/20/2015,,,2621.294446
Villodas - Airport,11/21/2015,,,2663.779369
Villodas - Airport,11/22/2015,,,2648.497623
Villodas - Airport,11/23/2015,,,2632.623337
Villodas - Airport,11/24/2015,,,2565.072098
Villodas - Airport,11/25/2015,,,2583.482082
Villodas - Airport,11/26/2015,,,2599.265129
Villodas - Airport,11/27/2015,,,2645.950291
Villodas - Airport,11/28/2015,,,2762.57747
Villodas - Airport,11/29/2015,,,2829.644961
Villodas - Airport,11/30/2015,,,2710.533726
Villodas - Airport,12/1/2015,,,2724.907372
Villodas - Airport,12/2/2015,,,2836.846684
Villodas - Airport,12/3/2015,,,2698.934385
Villodas - Airport,12/4/2015,,,2772.115064
Villodas - Airport,12/5/2015,,,2852.850786
Villodas - Airport,12/6/2015,,,2846.74413
Villodas - Airport,12/7/2015,,,2865.493145
Villodas - Airport,12/8/2015,,,2859.376079
Villodas - Airport,12/9/2015,,,2802.851235
Villodas - Airport,12/10/2015,,,2809.669225
Villodas - Airport,12/11/2015,,,2706.601894
Villodas - Airport,12/12/2015,,,2634.65957
Villodas - Airport,12/13/2015,,,2574.846259
Villodas - Airport,12/14/2015,,,2596.987022
Villodas - Airport,12/15/2015,,,2517.69438
Villodas - Airport,12/16/2015,,,2452.992356
Villodas - Airport,12/17/2015,,,2413.674045
Villodas - Airport,12/18/2015,,,2379.760853
Villodas - Airport,12/19/2015,,,2466.829593
Villodas - Airport,12/20/2015,,,2550.194497
Villodas - Airport,12/21/2015,,,2559.719436
Villodas - Airport,12/22/2015,,,2544.961648
Villodas - Airport,12/23/2015,,,2554.678658
Villodas - Airport,12/24/2015,,,2574.686031
Villodas - Airport,12/25/2015,,,2604.941515
Villodas - Airport,12/26/2015,,,2617.77921
Villodas - Airport,12/27/2015,,,2587.105702
Villodas - Airport,12/28/2015,,,2677.357178
Villodas - Airport,12/29/2015,,,2696.629744
Villodas - Airport,12/30/2015,,,2735.341431
Villodas - Airport,12/31/2015,,,2751.391866
Villodas - Airport,1/1/2016,,,2811.024741
Villodas - Airport,1/2/2016,,,2817.982141
Villodas - Airport,1/3/2016,,,2890.162257
Villodas - Airport,1/4/2016,,,2917.89919
Villodas - Airport,1/5/2016,,,2881.195568
Villodas - Airport,1/6/2016,,,2903.864984
Villodas - Airport,1/7/2016,,,2891.592478
Villodas - Airport,1/8/2016,,,2946.72772
Villodas - Airport,1/9/2016,,,3005.634972
Villodas - Airport,1/10/2016,,,3046.345335
Villodas - Airport,1/11/2016,,,3032.318477
Villodas - Airport,1/12/2016,,,3036.743241
Villodas - Airport,1/13/2016,,,2968.636814
Villodas - Airport,1/14/2016,,,2848.541958
Villodas - Airport,1/15/2016,,,2619.051855
Villodas - Airport,1/16/2016,,,2642.661008
Villodas - Airport,1/17/2016,,,2694.443488
Villodas - Airport,1/18/2016,,,2745.200707
Villodas - Airport,1/19/2016,,,2800.173066
Villodas - Airport,1/20/2016,,,2841.135101
Villodas - Airport,1/21/2016,,,2785.942095
Villodas - Airport,1/22/2016,,,2737.894886
Villodas - Airport,1/23/2016,,,2639.270689
Villodas - Airport,1/24/2016,,,2580.120543
Villodas - Airport,1/25/2016,,,2575.713944
Villodas - Airport,1/26/2016,,,2596.785971
Villodas - Airport,1/27/2016,,,2421.668339
Villodas - Airport,1/28/2016,,,2437.91207
Villodas - Airport,1/29/2016,,,2347.938596
Villodas - Airport,1/30/2016,,,2281.485894
Villodas - Airport,1/31/2016,,,2235.166094
Villodas - Airport,2/1/2016,,,2176.887102
Villodas - Airport,2/2/2016,,,2207.921891
Villodas - Airport,2/3/2016,,,2200.672201
Villodas - Airport,2/4/2016,,,2007.46586
Villodas - Airport,2/5/2016,,,2069.904065
Villodas - Airport,2/6/2016,,,2076.378737
Villodas - Airport,2/7/2016,,,2030.150788
Villodas - Airport,2/8/2016,,,2005.713548
Villodas - Airport,2/9/2016,,,2022.449192
Villodas - Airport,2/10/2016,,,2051.558173
Villodas - Airport,2/11/2016,,,2067.20671
Villodas - Airport,2/12/2016,,,2137.978446
Villodas - Airport,2/13/2016,,,2106.478483
Villodas - Airport,2/14/2016,,,2197.332093
Villodas - Airport,2/15/2016,,,2173.655991
Villodas - Airport,2/16/2016,,,2171.186427
Villodas - Airport,2/17/2016,,,2256.045642
Villodas - Airport,2/18/2016,,,2293.033798
Villodas - Airport,2/19/2016,,,2271.55824
Villodas - Airport,2/20/2016,,,2195.219931
Villodas - Airport,2/21/2016,,,2208.759571
Villodas - Airport,2/22/2016,,,2212.891637
Villodas - Airport,2/23/2016,,,2158.296887
Villodas - Airport,2/24/2016,,,2239.757007
Villodas - Airport,2/25/2016,,,2257.15316
Villodas - Airport,2/26/2016,,,2202.288776
Villodas - Airport,2/27/2016,,,2150.693673
Villodas - Airport,2/28/2016,,,2091.230621
Villodas - Airport,2/29/2016,,,2097.296863
Villodas - Airport,3/1/2016,,,2099.354527
Villodas - Airport,3/2/2016,,,2189.046733
Villodas - Airport,3/3/2016,,,2258.191688
Villodas - Airport,3/4/2016,,,2319.780374
Villodas - Airport,3/5/2016,,,2367.410988
Villodas - Airport,3/6/2016,,,2426.095145
Villodas - Airport,3/7/2016,,,2469.478982
Villodas - Airport,3/8/2016,,,2366.644135
Villodas - Airport,3/9/2016,,,2308.316564
Villodas - Airport,3/10/2016,,,2163.855908
Villodas - Airport,3/11/2016,,,2074.580092
Villodas - Airport,3/12/2016,,,2140.633141
Villodas - Airport,3/13/2016,,,2160.232083
Villodas - Airport,3/14/2016,,,2176.275579
Villodas - Airport,3/15/2016,,,2038.574537
Villodas - Airport,3/16/2016,,,1960.416968
Villodas - Airport,3/17/2016,,,1964.231842
Villodas - Airport,3/18/2016,,,1880.974098
Villodas - Airport,3/19/2016,,,1834.475291
Villodas - Airport,3/20/2016,,,1746.810132
Villodas - Airport,3/21/2016,,,1679.788567
Villodas - Airport,3/22/2016,,,1702.826203
Villodas - Airport,3/23/2016,,,1751.035274
Villodas - Airport,3/24/2016,,,1773.397091
Villodas - Airport,3/25/2016,,,1778.766695
Villodas - Airport,3/26/2016,,,1814.38464
Villodas - Airport,3/27/2016,,,1865.434353
Villodas - Airport,3/28/2016,,,1816.299629
Villodas - Airport,3/29/2016,,,1843.200515
Villodas - Airport,3/30/2016,,,1862.390823
Villodas - Airport,3/31/2016,,,1847.487911
Villodas - Airport,4/1/2016,,,1891.905989
Villodas - Airport,4/2/2016,,,1955.807277
Villodas - Airport,4/3/2016,,,1946.11272
Villodas - Airport,4/4/2016,,,1971.626452
Villodas - Airport,4/5/2016,,,1985.906411
Villodas - Airport,4/6/2016,,,2030.778436
Villodas - Airport,4/7/2016,,,2130.760801
Villodas - Airport,4/8/2016,,,2236.799203
Villodas - Airport,4/9/2016,,,2201.920352
Villodas - Airport,4/10/2016,,,2197.102058
Villodas - Airport,4/11/2016,,,2311.730969
Villodas - Airport,4/12/2016,,,2322.37506
Villodas - Airport,4/13/2016,,,2316.531301
Villodas - Airport,4/14/2016,,,2245.247854
Villodas - Airport,4/15/2016,,,2237.678318
Villodas - Airport,4/16/2016,,,2157.041183
Villodas - Airport,4/17/2016,,,2184.747703
Villodas - Airport,4/18/2016,,,2239.489618
Villodas - Airport,4/19/2016,,,2248.758395
Villodas - Airport,4/20/2016,,,2112.420421
Villodas - Airport,4/21/2016,,,2091.243072
Villodas - Airport,4/22/2016,,,2230.145728
Villodas - Airport,4/23/2016,,,2300.652933
Villodas - Airport,4/24/2016,,,2289.866167
Villodas - Airport,4/25/2016,,,2317.746387
Villodas - Airport,4/26/2016,,,2405.945914
Villodas - Airport,4/27/2016,,,2390.204913
Villodas - Airport,4/28/2016,,,2322.748995
Villodas - Airport,4/29/2016,,,2379.654102
Villodas - Airport,4/30/2016,,,2423.620477
Villodas - Airport,5/1/2016,,,2393.182312
Villodas - Airport,5/2/2016,,,2325.901114
Villodas - Airport,5/3/2016,,,2318.598151
Villodas - Airport,5/4/2016,,,2281.499365
Villodas - Airport,5/5/2016,,,2311.053109
Villodas - Airport,5/6/2016,,,2339.409729
Villodas - Airport,5/7/2016,,,2290.888569
Villodas - Airport,5/8/2016,,,2183.513226
Villodas - Airport,5/9/2016,,,2287.357412
Villodas - Airport,5/10/2016,,,2331.322971
Villodas - Airport,5/11/2016,,,2338.101364
Villodas - Airport,5/12/2016,,,2371.102987
Villodas - Airport,5/13/2016,,,2556.096019
Villodas - Airport,5/14/2016,,,2572.881671
Villodas - Airport,5/15/2016,,,2502.932715
Villodas - Airport,5/16/2016,,,2567.733733
Villodas - Airport,5/17/2016,,,2657.841718
Villodas - Airport,5/18/2016,,,2605.008464
Villodas - Airport,5/19/2016,,,2644.294526
Villodas - Airport,5/20/2016,,,2675.947165
Villodas - Airport,5/21/2016,,,2729.582991
Villodas - Airport,5/22/2016,,,2710.52352
Villodas - Airport,5/23/2016,,,2649.243453
Villodas - Airport,5/24/2016,,,2571.578
Villodas - Airport,5/25/2016,,,2569.837731
Villodas - Airport,5/26/2016,,,2542.657211
Villodas - Airport,5/27/2016,,,2565.064546
Villodas - Airport,5/28/2016,,,2680.725045
Villodas - Airport,5/29/2016,,,2785.983326
Villodas - Airport,5/30/2016,,,2768.307946
Villodas - Airport,5/31/2016,,,2760.763108
Villodas - Airport,6/1/2016,,,2755.385544
Villodas - Airport,6/2/2016,,,2819.085985
Villodas - Airport,6/3/2016,,,2796.117543
Villodas - Airport,6/4/2016,,,2661.330828
Villodas - Airport,6/5/2016,,,2567.920701
Villodas - Airport,6/6/2016,,,2620.797023
Villodas - Airport,6/7/2016,,,2766.14598
Villodas - Airport,6/8/2016,,,2843.153371
Villodas - Airport,6/9/2016,,,3066.963414
Villodas - Airport,6/10/2016,,,3161.945008
Villodas - Airport,6/11/2016,,,3155.441147
Villodas - Airport,6/12/2016,,,3132.046925
Villodas - Airport,6/13/2016,,,3075.348585
Villodas - Airport,6/14/2016,,,2907.41594
Villodas - Airport,6/15/2016,,,2805.240175
Villodas - Airport,6/16/2016,,,2758.097391
Villodas - Airport,6/17/2016,,,2889.714637
Villodas - Airport,6/18/2016,,,2978.298917
Villodas - Airport,6/19/2016,,,3090.908537
Villodas - Airport,6/20/2016,,,3139.33356
Villodas - Airport,6/21/2016,,,3097.845322
Villodas - Airport,6/22/2016,,,3001.81724
Villodas - Airport,6/23/2016,,,2984.268002
Villodas - Airport,6/24/2016,,,3002.298743
Villodas - Airport,6/25/2016,,,3043.432845
Villodas - Airport,6/26/2016,,,3088.936192
Villodas - Airport,6/27/2016,,,2952.856012
Villodas - Airport,6/28/2016,,,2966.603643
Villodas - Airport,6/29/2016,,,2935.33984
Villodas - Airport,6/30/2016,,,2857.99709
Villodas - Airport,7/1/2016,,,2916.062172
Villodas - Airport,7/2/2016,,,3026.993777
Villodas - Airport,7/3/2016,,,2879.240572
Villodas - Airport,7/4/2016,,,2803.226599
Villodas - Airport,7/5/2016,,,2947.725425
Villodas - Airport,7/6/2016,,,2976.656419
Villodas - Airport,7/7/2016,,,2868.73936
Villodas - Airport,7/8/2016,,,2879.268944
Villodas - Airport,7/9/2016,,,3080.620623
Villodas - Airport,7/10/2016,,,3118.095589
Villodas - Airport,7/11/2016,,,2893.126592
Villodas - Airport,7/12/2016,,,2787.527238
Villodas - Airport,7/13/2016,,,2976.441488
Villodas - Airport,7/14/2016,,,3040.770393
Villodas - Airport,7/15/2016,,,3049.262111
Villodas - Airport,7/16/2016,,,2907.605357
Villodas - Airport,7/17/2016,,,2979.449503
Villodas - Airport,7/18/2016,,,3021.151447
Villodas - Airport,7/19/2016,,,3058.144502
Villodas - Airport,7/20/2016,,,3190.954382
Villodas - Airport,7/21/2016,,,3267.600493
Villodas - Airport,7/22/2016,,,3216.335032
Villodas - Airport,7/23/2016,,,3225.764855
Villodas - Airport,7/24/2016,,,3275.331074
Villodas - Airport,7/25/2016,,,3235.410629
Villodas - Airport,7/26/2016,,,3393.734649
Villodas - Airport,7/27/2016,,,3527.81901
Villodas - Airport,7/28/2016,,,3539.822903
Villodas - Airport,7/29/2016,,,3721.953045
Villodas - Airport,7/30/2016,,,3809.179973
Villodas - Airport,7/31/2016,,,3828.860969
Villodas - Airport,8/1/2016,,,3752.494492
Villodas - Airport,8/2/2016,,,3642.881253
Villodas - Airport,8/3/2016,,,3640.897682
Villodas - Airport,8/4/2016,,,3770.648722
Villodas - Airport,8/5/2016,,,3882.122248
Villodas - Airport,8/6/2016,,,3874.570062
Villodas - Airport,8/7/2016,,,3686.423482
Villodas - Airport,8/8/2016,,,3662.615319
Villodas - Airport,8/9/2016,,,3788.876024
Villodas - Airport,8/10/2016,,,3751.990333
Villodas - Airport,8/11/2016,,,3738.56418
Villodas - Airport,8/12/2016,,,3731.977449
Villodas - Airport,8/13/2016,,,3941.204833
Villodas - Airport,8/14/2016,,,3979.907948
Villodas - Airport,8/15/2016,,,3849.916871
Villodas - Airport,8/16/2016,,,3824.361908
Villodas - Airport,8/17/2016,,,3828.148614
Villodas - Airport,8/18/2016,,,3815.528708
Villodas - Airport,8/19/2016,,,3806.014995
Villodas - Airport,8/20/2016,,,3869.061049
Villodas - Airport,8/21/2016,,,3893.241515
Villodas - Airport,8/22/2016,,,3929.363415
Villodas - Airport,8/23/2016,,,3898.893815
Villodas - Airport,8/24/2016,,,3985.997051
Villodas - Airport,8/25/2016,,,4051.979884
Villodas - Airport,8/26/2016,,,4081.370542
Villodas - Airport,8/27/2016,,,4161.569446
Villodas - Airport,8/28/2016,,,4230.978523
Villodas - Airport,8/29/2016,,,4248.350183
Villodas - Airport,8/30/2016,,,4390.726436
Villodas - Airport,8/31/2016,,,4300.987692
Villodas - Airport,9/1/2016,,,4321.213262
Villodas - Airport,9/2/2016,,,4431.51477
Villodas - Airport,9/3/2016,,,4481.016286
Villodas - Airport,9/4/2016,,,4488.131669
Villodas - Airport,9/5/2016,,,4561.411955
Villodas - Airport,9/6/2016,,,4622.188272
Villodas - Airport,9/7/2016,,,4425.798786
Villodas - Airport,9/8/2016,,,4374.6313
Villodas - Airport,9/9/2016,,,4443.925257
Villodas - Airport,9/10/2016,,,4616.834792
Villodas - Airport,9/11/2016,,,4610.371754
Villodas - Airport,9/12/2016,,,4539.095451
Villodas - Airport,9/13/2016,,,4466.610798
Villodas - Airport,9/14/2016,,,4451.854235
Villodas - Airport,9/15/2016,,,4528.871833
Villodas - Airport,9/16/2016,,,4598.716487
Villodas - Airport,9/17/2016,,,4585.963907
Villodas - Airport,9/18/2016,,,4626.335442
Villodas - Airport,9/19/2016,,,4708.581193
Villodas - Airport,9/20/2016,,,4806.026432
Villodas - Airport,9/21/2016,,,4844.901002
Villodas - Airport,9/22/2016,,,4752.961918
Villodas - Airport,9/23/2016,,,4663.531793
Villodas - Airport,9/24/2016,,,4639.252945
Villodas - Airport,9/25/2016,,,4670.353254
Villodas - Airport,9/26/2016,,,4671.588138
Villodas - Airport,9/27/2016,,,4790.567721
Villodas - Airport,9/28/2016,,,4904.580414
Villodas - Airport,9/29/2016,,,4898.463552
Villodas - Airport,9/30/2016,,,4966.531197
Villodas - Airport,10/1/2016,,,5063.538818
Villodas - Airport,10/2/2016,,,4935.305155
Villodas - Airport,10/3/2016,,,4848.275808
Villodas - Airport,10/4/2016,,,4911.727639
Villodas - Airport,10/5/2016,,,5022.963169
Villodas - Airport,10/6/2016,,,4982.549995
Villodas - Airport,10/7/2016,,,5039.283238
Villodas - Airport,10/8/2016,,,5005.698873
Villodas - Airport,10/9/2016,,,4913.665897
Villodas - Airport,10/10/2016,,,4966.674076
Villodas - Airport,10/11/2016,,,4981.808656
Villodas - Airport,10/12/2016,,,4994.768207
Villodas - Airport,10/13/2016,,,5069.578117
Villodas - Airport,10/14/2016,,,5140.32291
Villodas - Airport,10/15/2016,,,5023.396297
Villodas - Airport,10/16/2016,,,5000.680139
Villodas - Airport,10/17/2016,,,4895.897033
Villodas - Airport,10/18/2016,,,4941.823711
Villodas - Airport,10/19/2016,,,4879.436943
Villodas - Airport,10/20/2016,,,4770.328271
Villodas - Airport,10/21/2016,,,4723.018523
Villodas - Airport,10/22/2016,,,4692.902856
Villodas - Airport,10/23/2016,,,4648.185752
Villodas - Airport,10/24/2016,,,4614.207448
Villodas - Airport,10/25/2016,,,4534.805809
Villodas - Airport,10/26/2016,,,4433.503649
Villodas - Airport,10/27/2016,,,4410.91649
Villodas - Airport,10/28/2016,,,4407.16734
Villodas - Airport,10/29/2016,,,4402.157588
Villodas - Airport,10/30/2016,,,4323.332364
Villodas - Airport,10/31/2016,,,4271.550497
Villodas - Airport,11/1/2016,,,4452.587818
Villodas - Airport,11/2/2016,,,4466.051528
Villodas - Airport,11/3/2016,,,4374.200621
Villodas - Airport,11/4/2016,,,4325.131826
Villodas - Airport,11/5/2016,,,4127.608288
Villodas - Airport,11/6/2016,,,4223.514514
Villodas - Airport,11/7/2016,,,4232.259537
Villodas - Airport,11/8/2016,,,4161.433507
Villodas - Airport,11/9/2016,,,4068.900863
Villodas - Airport,11/10/2016,,,3980.133289
Villodas - Airport,11/11/2016,,,3978.097465
Villodas - Airport,11/12/2016,,,4020.438283
Villodas - Airport,11/13/2016,,,4053.492363
Villodas - Airport,11/14/2016,,,4147.412976
Villodas - Airport,11/15/2016,,,4188.106602
Villodas - Airport,11/16/2016,,,4167.791631
Villodas - Airport,11/17/2016,,,4170.667585
Villodas - Airport,11/18/2016,,,4191.754512
Villodas - Airport,11/19/2016,,,4178.479811
Villodas - Airport,11/20/2016,,,4163.388094
Villodas - Airport,11/21/2016,,,4106.438083
Villodas - Airport,11/22/2016,,,4049.967737
Villodas - Airport,11/23/2016,,,3932.380615
Villodas - Airport,11/24/2016,,,3786.981038
Villodas - Airport,11/25/2016,,,4019.912896
Villodas - Airport,11/26/2016,,,3989.453911
Villodas - Airport,11/27/2016,,,3900.648372
Villodas - Airport,11/28/2016,,,3851.656731
Villodas - Airport,11/29/2016,,,3756.943342
Villodas - Airport,11/30/2016,,,3620.746818
Villodas - Airport,12/1/2016,,,3689.356179
Villodas - Airport,12/2/2016,,,3766.099857
Villodas - Airport,12/3/2016,,,3730.395164
Villodas - Airport,12/4/2016,,,3644.854211
Villodas - Airport,12/5/2016,,,3704.43769
Villodas - Airport,12/6/2016,,,3691.894938
Villodas - Airport,12/7/2016,,,3720.996571
Villodas - Airport,12/8/2016,,,3657.429212
Villodas - Airport,12/9/2016,,,3811.479103
Villodas - Airport,12/10/2016,,,3788.860103
Villodas - Airport,12/11/2016,,,3625.168316
Villodas - Airport,12/12/2016,,,3561.643005
Villodas - Airport,12/13/2016,,,3601.51732
Villodas - Airport,12/14/2016,,,3537.636852
Villodas - Airport,12/15/2016,,,3438.764045
Villodas - Airport,12/16/2016,,,3384.598137
Villodas - Airport,12/17/2016,,,3550.967072
Villodas - Airport,12/18/2016,,,3455.146981
Villodas - Airport,12/19/2016,,,3341.120408
Villodas - Airport,12/20/2016,,,3258.566446
Villodas - Airport,12/21/2016,,,3193.547435
Villodas - Airport,12/22/2016,,,3076.699202
Villodas - Airport,12/23/2016,,,3177.941966
Villodas - Airport,12/24/2016,,,3294.431572
Villodas - Airport,12/25/2016,,,3166.958026
Villodas - Airport,12/26/2016,,,3140.600694
Villodas - Airport,12/27/2016,,,3105.212173
Villodas - Airport,12/28/2016,,,3113.880653
Villodas - Airport,12/29/2016,,,3119.178613
Villodas - Airport,12/30/2016,,,3040.068448
Villodas - Airport,12/31/2016,,,3048.386466
Villodas - Airport,1/1/2017,,,3025.917081
Villodas - Airport,1/2/2017,,,3050.022433
Villodas - Airport,1/3/2017,,,3079.555357
Villodas - Airport,1/4/2017,,,3004.17393
Villodas - Airport,1/5/2017,,,2980.015305
Villodas - Airport,1/6/2017,,,3060.300753
Villodas - Airport,1/7/2017,,,2950.848355
Villodas - Airport,1/8/2017,,,2993.34532
Villodas - Airport,1/9/2017,,,3035.05645
Villodas - Airport,1/10/2017,,,3075.14141
Villodas - Airport,1/11/2017,,,2980.474559
Villodas - Airport,1/12/2017,,,2806.209916
Villodas - Airport,1/13/2017,,,2804.382491
Villodas - Airport,1/14/2017,,,2754.936087
Villodas - Airport,1/15/2017,,,2544.161117
Villodas - Airport,1/16/2017,,,2531.975971
Villodas - Airport,1/17/2017,,,2546.555772
Villodas - Airport,1/18/2017,,,2451.180444
Villodas - Airport,1/19/2017,,,2296.357576
Villodas - Airport,1/20/2017,,,2217.561133
Villodas - Airport,1/21/2017,,,2109.735312
Villodas - Airport,1/22/2017,,,1988.058988
Villodas - Airport,1/23/2017,,,1871.47202
Villodas - Airport,1/24/2017,,,1797.73452
Villodas - Airport,1/25/2017,,,1716.877146
Villodas - Airport,1/26/2017,,,1609.59243
Villodas - Airport,1/27/2017,,,1633.178518
Villodas - Airport,1/28/2017,,,1647.858742
Villodas - Airport,1/29/2017,,,1739.819053
Villodas - Airport,1/30/2017,,,1705.084511
Villodas - Airport,1/31/2017,,,1669.372674
Villodas - Airport,2/1/2017,,,1727.889254
Villodas - Airport,2/2/2017,,,1747.20999
Villodas - Airport,2/3/2017,,,1825.595553
Villodas - Airport,2/4/2017,,,1929.461579
Villodas - Airport,2/5/2017,,,1978.360757
Villodas - Airport,2/6/2017,,,2090.626038
Villodas - Airport,2/7/2017,,,2110.205589
Villodas - Airport,2/8/2017,,,2057.625027
Villodas - Airport,2/9/2017,,,2068.611416
Villodas - Airport,2/10/2017,,,2063.328356
Villodas - Airport,2/11/2017,,,2064.464654
Villodas - Airport,2/12/2017,,,2122.111304
Villodas - Airport,2/13/2017,,,2157.283465
Villodas - Airport,2/14/2017,,,2121.908007
Villodas - Airport,2/15/2017,,,2097.730603
Villodas - Airport,2/16/2017,,,2099.729279
Villodas - Airport,2/17/2017,,,2109.586514
Villodas - Airport,2/18/2017,,,2068.142364
Villodas - Airport,2/19/2017,,,2074.667453
Villodas - Airport,2/20/2017,,,2079.648425
Villodas - Airport,2/21/2017,,,1925.127441
Villodas - Airport,2/22/2017,,,1894.202057
Villodas - Airport,2/23/2017,,,1949.680617
Villodas - Airport,2/24/2017,,,1920.479377
Villodas - Airport,2/25/2017,,,1835.350528
Villodas - Airport,2/26/2017,,,1799.781366
Villodas - Airport,2/27/2017,,,1868.823244
Villodas - Airport,2/28/2017,,,1878.799068
Villodas - Airport,3/1/2017,,,1932.267318
Villodas - Airport,3/2/2017,,,1916.504682
Villodas - Airport,3/3/2017,,,1990.684699
Villodas - Airport,3/4/2017,,,1964.584549
Villodas - Airport,3/5/2017,,,1987.238657
Villodas - Airport,3/6/2017,,,2056.016004
Villodas - Airport,3/7/2017,,,2164.741759
Villodas - Airport,3/8/2017,,,2087.640067
Villodas - Airport,3/9/2017,,,2184.913034
Villodas - Airport,3/10/2017,,,2175.327678
Villodas - Airport,3/11/2017,,,2172.831783
Villodas - Airport,3/12/2017,,,2190.117919
Villodas - Airport,3/13/2017,,,2251.81152
Villodas - Airport,3/14/2017,,,2326.656537
Villodas - Airport,3/15/2017,,,2325.19774
Villodas - Airport,3/16/2017,,,2259.726414
Villodas - Airport,3/17/2017,,,2292.496164
Villodas - Airport,3/18/2017,,,2276.923966
Villodas - Airport,3/19/2017,,,2362.843753
Villodas - Airport,3/20/2017,,,2361.43476
Villodas - Airport,3/21/2017,,,2505.824589
Villodas - Airport,3/22/2017,,,2490.948212
Villodas - Airport,3/23/2017,,,2527.605909
Villodas - Airport,3/24/2017,,,2587.284913
Villodas - Airport,3/25/2017,,,2497.238775
Villodas - Airport,3/26/2017,,,2521.236559
Villodas - Airport,3/27/2017,,,2702.42676
Villodas - Airport,3/28/2017,,,2776.245497
Villodas - Airport,3/29/2017,,,2720.590787
Villodas - Airport,3/30/2017,,,2601.983712
Villodas - Airport,3/31/2017,,,2609.181965
Villodas - Airport,4/1/2017,,,2674.924966
Villodas - Airport,4/2/2017,,,2709.02186
Villodas - Airport,4/3/2017,,,2671.885313
Villodas - Airport,4/4/2017,,,2635.625841
Villodas - Airport,4/5/2017,,,2658.780026
Villodas - Airport,4/6/2017,,,2690.038114
Villodas - Airport,4/7/2017,,,2747.473098
Villodas - Airport,4/8/2017,,,2749.05273
Villodas - Airport,4/9/2017,,,2778.858145
Villodas - Airport,4/10/2017,,,2873.067783
Villodas - Airport,4/11/2017,,,2827.240712
Villodas - Airport,4/12/2017,,,2829.141822
Villodas - Airport,4/13/2017,,,2869.323328
Villodas - Airport,4/14/2017,,,2843.483831
Villodas - Airport,4/15/2017,,,2833.588834
Villodas - Airport,4/16/2017,,,2911.943169
Villodas - Airport,4/17/2017,,,2865.559073
Villodas - Airport,4/18/2017,,,2818.825128
Villodas - Airport,4/19/2017,,,2634.18766
Villodas - Airport,4/20/2017,,,2523.534057
Villodas - Airport,4/21/2017,,,2513.976459
Villodas - Airport,4/22/2017,,,2415.503919
Villodas - Airport,4/23/2017,,,2507.871844
Villodas - Airport,4/24/2017,,,2570.228812
Villodas - Airport,4/25/2017,,,2660.730939
Villodas - Airport,4/26/2017,,,2784.801103
Villodas - Airport,4/27/2017,,,2842.020135
Villodas - Airport,4/28/2017,,,2849.115924
Villodas - Airport,4/29/2017,,,2790.553011
Villodas - Airport,4/30/2017,,,2717.842608
Villodas - Airport,5/1/2017,,,2722.84338
Villodas - Airport,5/2/2017,,,2700.54892
Villodas - Airport,5/3/2017,,,2661.48228
Villodas - Airport,5/4/2017,,,2721.773419
Villodas - Airport,5/5/2017,,,2799.068202
Villodas - Airport,5/6/2017,,,2761.885118
Villodas - Airport,5/7/2017,,,2821.842328
Villodas - Airport,5/8/2017,,,2855.92473
Villodas - Airport,5/9/2017,,,2919.889293
Villodas - Airport,5/10/2017,,,2884.935737
Villodas - Airport,5/11/2017,,,2833.633127
Villodas - Airport,5/12/2017,,,2766.322742
Villodas - Airport,5/13/2017,,,2789.09054
Villodas - Airport,5/14/2017,,,2831.016805
Villodas - Airport,5/15/2017,,,2839.007834
Villodas - Airport,5/16/2017,,,2932.167718
Villodas - Airport,5/17/2017,,,3024.983467
Villodas - Airport,5/18/2017,,,3062.80563
Villodas - Airport,5/19/2017,,,2953.051552
Villodas - Airport,5/20/2017,,,3027.461809
Villodas - Airport,5/21/2017,,,3039.773709
Villodas - Airport,5/22/2017,,,3028.593004
Villodas - Airport,5/23/2017,,,3000.552555
Villodas - Airport,5/24/2017,,,3013.978096
Villodas - Airport,5/25/2017,,,2947.502533
Villodas - Airport,5/26/2017,,,2856.743836
Villodas - Airport,5/27/2017,,,2815.504207
Villodas - Airport,5/28/2017,,,2771.96402
Villodas - Airport,5/29/2017,,,2850.347134
Villodas - Airport,5/30/2017,,,2940.005458
Villodas - Airport,5/31/2017,,,2855.100929
Villodas - Airport,6/1/2017,,,2732.123179
Villodas - Airport,6/2/2017,,,2838.408558
Villodas - Airport,6/3/2017,,,2772.202832
Villodas - Airport,6/4/2017,,,2814.742457
Villodas - Airport,6/5/2017,,,2762.606862
Villodas - Airport,6/6/2017,,,2798.936141
Villodas - Airport,6/7/2017,,,2735.489005
Villodas - Airport,6/8/2017,,,2743.897241
Villodas - Airport,6/9/2017,,,2686.314887
Villodas - Airport,6/10/2017,,,2685.798889
Villodas - Airport,6/11/2017,,,2546.961141
Villodas - Airport,6/12/2017,,,2484.177984
Villodas - Airport,6/13/2017,,,2490.075629
Villodas - Airport,6/14/2017,,,2501.812542
Villodas - Airport,6/15/2017,,,2529.699498
Villodas - Airport,6/16/2017,,,2497.847644
Villodas - Airport,6/17/2017,,,2480.022445
Villodas - Airport,6/18/2017,,,2404.516918
Villodas - Airport,6/19/2017,,,2537.062879
Villodas - Airport,6/20/2017,,,2677.383305
Villodas - Airport,6/21/2017,,,2468.910322
Villodas - Airport,6/22/2017,,,2410.781354
Villodas - Airport,6/23/2017,,,2417.718342
Villodas - Airport,6/24/2017,,,2474.607528
Villodas - Airport,6/25/2017,,,2476.057548
Villodas - Airport,6/26/2017,,,2488.326992
Villodas - Airport,6/27/2017,,,2516.47807
Villodas - Airport,6/28/2017,,,2554.316765
Villodas - Airport,6/29/2017,,,2576.934337
Villodas - Airport,6/30/2017,,,2581.251942
Villodas - Airport,7/1/2017,,,2560.782865
Villodas - Airport,7/2/2017,,,2580.814119
Villodas - Airport,7/3/2017,,,2643.683003
Villodas - Airport,7/4/2017,,,2790.119679
Villodas - Airport,7/5/2017,,,2872.121106
Villodas - Airport,7/6/2017,,,2906.137783
Villodas - Airport,7/7/2017,,,3122.787129
Villodas - Airport,7/8/2017,,,3207.559393
Villodas - Airport,7/9/2017,,,3200.116816
Villodas - Airport,7/10/2017,,,3159.221118
Villodas - Airport,7/11/2017,,,3180.484603
Villodas - Airport,7/12/2017,,,3146.984128
Villodas - Airport,7/13/2017,,,3244.583064
Villodas - Airport,7/14/2017,,,3358.292854
Villodas - Airport,7/15/2017,,,3404.844526
Villodas - Airport,7/16/2017,,,3444.577595
Villodas - Airport,7/17/2017,,,3479.330304
Villodas - Airport,7/18/2017,,,3599.960345
Villodas - Airport,7/19/2017,,,3662.235668
Villodas - Airport,7/20/2017,,,3537.735234
Villodas - Airport,7/21/2017,,,3475.061074
Villodas - Airport,7/22/2017,,,3471.92753
Villodas - Airport,7/23/2017,,,3563.849467
Villodas - Airport,7/24/2017,,,3594.28151
Villodas - Airport,7/25/2017,,,3670.32263
Villodas - Airport,7/26/2017,,,3872.07131
Villodas - Airport,7/27/2017,,,3990.000117
Villodas - Airport,7/28/2017,,,3995.011503
Villodas - Airport,7/29/2017,,,4014.389187
Villodas - Airport,7/30/2017,,,3987.393593
Villodas - Airport,7/31/2017,,,3976.111852
Villodas - Airport,8/1/2017,,,3957.109328
Villodas - Airport,8/2/2017,,,4005.257982
Villodas - Airport,8/3/2017,,,4118.849386
Villodas - Airport,8/4/2017,,,4253.161538
Villodas - Airport,8/5/2017,,,4364.746101
Villodas - Airport,8/6/2017,,,4370.69804
Villodas - Airport,8/7/2017,,,4455.545009
Villodas - Airport,8/8/2017,,,4387.340608
Villodas - Airport,8/9/2017,,,4466.986366
Villodas - Airport,8/10/2017,,,4367.243221
Villodas - Airport,8/11/2017,,,4439.498043
Villodas - Airport,8/12/2017,,,4417.847764
Villodas - Airport,8/13/2017,,,4517.123898
Villodas - Airport,8/14/2017,,,4509.371681
Villodas - Airport,8/15/2017,,,4559.837835
Villodas - Airport,8/16/2017,,,4572.807591
Villodas - Airport,8/17/2017,,,4757.717754
Villodas - Airport,8/18/2017,,,4695.958429
Villodas - Airport,8/19/2017,,,4552.459554
Villodas - Airport,8/20/2017,,,4632.607838
Villodas - Airport,8/21/2017,,,4596.550847
Villodas - Airport,8/22/2017,,,4460.031823
Villodas - Airport,8/23/2017,,,4482.236882
Villodas - Airport,8/24/2017,,,4501.953394
Villodas - Airport,8/25/2017,,,4650.622046
Villodas - Airport,8/26/2017,,,4732.470593
Villodas - Airport,8/27/2017,,,4841.742555
Villodas - Airport,8/28/2017,,,4868.852861
Villodas - Airport,8/29/2017,,,4821.921946
Villodas - Airport,8/30/2017,,,4821.999509
Villodas - Airport,8/31/2017,,,4852.342966
Villodas - Airport,9/1/2017,,,4772.868663
Villodas - Airport,9/2/2017,,,4724.614687
Villodas - Airport,9/3/2017,,,4774.283575
Villodas - Airport,9/4/2017,,,4897.7712
Villodas - Airport,9/5/2017,,,4863.815757
Villodas - Airport,9/6/2017,,,4787.396619
Villodas - Airport,9/7/2017,,,4682.100781
Villodas - Airport,9/8/2017,,,4591.247987
Villodas - Airport,9/9/2017,,,4662.72473
Villodas - Airport,9/10/2017,,,4586.482354
Villodas - Airport,9/11/2017,,,4602.221517
Villodas - Airport,9/12/2017,,,4471.716483
Villodas - Airport,9/13/2017,,,4517.12798
Villodas - Airport,9/14/2017,,,4502.258339
Villodas - Airport,9/15/2017,,,4437.485896
Villodas - Airport,9/16/2017,,,4402.950363
Villodas - Airport,9/17/2017,,,4303.301519
Villodas - Airport,9/18/2017,,,4338.289774
Villodas - Airport,9/19/2017,,,4361.029609
Villodas - Airport,9/20/2017,,,4272.159571
Villodas - Airport,9/21/2017,,,4363.954142
Villodas - Airport,9/22/2017,,,4329.007118
Villodas - Airport,9/23/2017,,,4359.044405
Villodas - Airport,9/24/2017,,,4501.790511
Villodas - Airport,9/25/2017,,,4593.589982
Villodas - Airport,9/26/2017,,,4717.853644
Villodas - Airport,9/27/2017,,,4744.845972
Villodas - Airport,9/28/2017,,,4758.486852
Villodas - Airport,9/29/2017,,,4843.683263
Villodas - Airport,9/30/2017,,,4875.104846
Villodas - Airport,10/1/2017,,,4821.433708
Villodas - Airport,10/2/2017,,,4727.869884
Villodas - Airport,10/3/2017,,,4769.911472
Villodas - Airport,10/4/2017,,,4782.292566
Villodas - Airport,10/5/2017,,,4753.624878
Villodas - Airport,10/6/2017,,,4781.82229
Villodas - Airport,10/7/2017,,,4854.227339
Villodas - Airport,10/8/2017,,,4878.658863
Villodas - Airport,10/9/2017,,,4770.802222
Villodas - Airport,10/10/2017,,,4697.840352
Villodas - Airport,10/11/2017,,,4635.810782
Villodas - Airport,10/12/2017,,,4608.053438
Villodas - Airport,10/13/2017,,,4649.893771
Villodas - Airport,10/14/2017,,,4658.942922
Villodas - Airport,10/15/2017,,,4624.534348
Villodas - Airport,10/16/2017,,,4639.127212
Villodas - Airport,10/17/2017,,,4584.268951
Villodas - Airport,10/18/2017,,,4502.700448
Villodas - Airport,10/19/2017,,,4451.779122
Villodas - Airport,10/20/2017,,,4520.288468
Villodas - Airport,10/21/2017,,,4541.906089
Villodas - Airport,10/22/2017,,,4494.802903
Villodas - Airport,10/23/2017,,,4504.341517
Villodas - Airport,10/24/2017,,,4344.956109
Villodas - Airport,10/25/2017,,,4350.376537
Villodas - Airport,10/26/2017,,,4453.946803
Villodas - Airport,10/27/2017,,,4608.649856
Villodas - Airport,10/28/2017,,,4561.16457
Villodas - Airport,10/29/2017,,,4485.842745
Villodas - Airport,10/30/2017,,,4480.386801
Villodas - Airport,10/31/2017,,,4618.606086
Villodas - Airport,11/1/2017,,,4518.43063
Villodas - Airport,11/2/2017,,,4265.673672
Villodas - Airport,11/3/2017,,,4098.651167
Villodas - Airport,11/4/2017,,,4133.503483
Villodas - Airport,11/5/2017,,,4241.500963
Villodas - Airport,11/6/2017,,,4164.685029
Villodas - Airport,11/7/2017,,,3919.489646
Villodas - Airport,11/8/2017,,,3942.089052
Villodas - Airport,11/9/2017,,,3814.56162
Villodas - Airport,11/10/2017,,,3734.586831
Villodas - Airport,11/11/2017,,,3920.571446
Villodas - Airport,11/12/2017,,,3975.537069
Villodas - Airport,11/13/2017,,,3887.147513
Villodas - Airport,11/14/2017,,,3881.69606
Villodas - Airport,11/15/2017,,,3975.395823
Villodas - Airport,11/16/2017,,,4047.555528
Villodas - Airport,11/17/2017,,,4078.113304
Villodas - Airport,11/18/2017,,,4027.584284
Villodas - Airport,11/19/2017,,,4047.707797
Villodas - Airport,11/20/2017,,,3957.229755
Villodas - Airport,11/21/2017,,,3788.09223
Villodas - Airport,11/22/2017,,,3705.324357
Villodas - Airport,11/23/2017,,,3919.949717
Villodas - Airport,11/24/2017,,,4073.043134
Villodas - Airport,11/25/2017,,,3847.46588
Villodas - Airport,11/26/2017,,,3644.781138
Villodas - Airport,11/27/2017,,,3630.278493
Villodas - Airport,11/28/2017,,,3619.489073
Villodas - Airport,11/29/2017,,,3691.113593
Villodas - Airport,11/30/2017,,,3738.638069
Villodas - Airport,12/1/2017,,,3664.053091
Villodas - Airport,12/2/2017,,,3657.785186
Villodas - Airport,12/3/2017,,,3846.385306
Villodas - Airport,12/4/2017,,,3875.530619
Villodas - Airport,12/5/2017,,,3824.725229
Villodas - Airport,12/6/2017,,,3770.419299
Villodas - Airport,12/7/2017,,,3716.183584
Villodas - Airport,12/8/2017,,,3477.565542
Villodas - Airport,12/9/2017,,,3604.667194
Villodas - Airport,12/10/2017,,,3503.483011
Villodas - Airport,12/11/2017,,,3246.843005
Villodas - Airport,12/12/2017,,,3397.494004
Villodas - Airport,12/13/2017,,,3445.198507
Villodas - Airport,12/14/2017,,,3414.410084
Villodas - Airport,12/15/2017,,,3423.49822
Villodas - Airport,12/16/2017,,,3517.09409
Villodas - Airport,12/17/2017,,,3486.570605
Villodas - Airport,12/18/2017,,,3433.978001
Villodas - Airport,12/19/2017,,,3416.380183
Villodas - Airport,12/20/2017,,,3405.02537
Villodas - Airport,12/21/2017,,,3333.173876
Villodas - Airport,12/22/2017,,,3357.766242
Villodas - Airport,12/23/2017,,,3299.671156
Villodas - Airport,12/24/2017,,,3254.401722
Villodas - Airport,12/25/2017,,,3289.773302
Villodas - Airport,12/26/2017,,,3343.868179
Villodas - Airport,12/27/2017,,,3379.806989
Villodas - Airport,12/28/2017,,,3411.845606
Villodas - Airport,12/29/2017,,,3354.879674
Villodas - Airport,12/30/2017,,,3276.616986
Villodas - Airport,12/31/2017,,,3200.007615
Villodas - Airport,1/1/2018,,,3213.114535
Villodas - Airport,1/2/2018,,,3114.935918
Villodas - Airport,1/3/2018,,,3191.754709
Villodas - Airport,1/4/2018,,,3233.986939
Villodas - Airport,1/5/2018,,,3320.68501
Villodas - Airport,1/6/2018,,,3405.497892
Villodas - Airport,1/7/2018,,,3332.755036
Villodas - Airport,1/8/2018,,,3271.94402
Villodas - Airport,1/9/2018,,,3327.371348
Villodas - Airport,1/10/2018,,,3435.358622
Villodas - Airport,1/11/2018,,,3428.336722
Villodas - Airport,1/12/2018,,,3493.328791
Villodas - Airport,1/13/2018,,,3660.804019
Villodas - Airport,1/14/2018,,,3623.68074
Villodas - Airport,1/15/2018,,,3494.770646
Villodas - Airport,1/16/2018,,,3419.417795
Villodas - Airport,1/17/2018,,,3400.797779
Villodas - Airport,1/18/2018,,,3375.120348
Villodas - Airport,1/19/2018,,,3403.35001
Villodas - Airport,1/20/2018,,,3419.460251
Villodas - Airport,1/21/2018,,,3385.90691
Villodas - Airport,1/22/2018,,,3455.487034
Villodas - Airport,1/23/2018,,,3506.382642
Villodas - Airport,1/24/2018,,,3603.10083
Villodas - Airport,1/25/2018,,,3531.989041
Villodas - Airport,1/26/2018,,,3419.214498
Villodas - Airport,1/27/2018,,,3323.443599
Villodas - Airport,1/28/2018,,,3273.888402
Villodas - Airport,1/29/2018,,,3230.594988
Villodas - Airport,1/30/2018,,,3198.395734
Villodas - Airport,1/31/2018,,,3138.986363
Villodas - Airport,2/1/2018,,,3053.143731
Villodas - Airport,2/2/2018,,,3136.739486
Villodas - Airport,2/3/2018,,,3142.177672
Villodas - Airport,2/4/2018,,,3134.364221
Villodas - Airport,2/5/2018,,,3095.639471
Villodas - Airport,2/6/2018,,,3149.262439
Villodas - Airport,2/7/2018,,,3096.642687
Villodas - Airport,2/8/2018,,,3124.178364
Villodas - Airport,2/9/2018,,,3119.321696
Villodas - Airport,2/10/2018,,,3046.489643
Villodas - Airport,2/11/2018,,,2941.862683
Villodas - Airport,2/12/2018,,,2849.578036
Villodas - Airport,2/13/2018,,,2834.270368
Villodas - Airport,2/14/2018,,,2848.517056
Villodas - Airport,2/15/2018,,,2967.970997
Villodas - Airport,2/16/2018,,,3017.93687
Villodas - Airport,2/17/2018,,,2873.572351
Villodas - Airport,2/18/2018,,,2850.741481
Villodas - Airport,2/19/2018,,,2928.756784
Villodas - Airport,2/20/2018,,,2904.323014
Villodas - Airport,2/21/2018,,,2839.813264
Villodas - Airport,2/22/2018,,,2634.752645
Villodas - Airport,2/23/2018,,,2631.911391
Villodas - Airport,2/24/2018,,,2599.50884
Villodas - Airport,2/25/2018,,,2658.708586
Villodas - Airport,2/26/2018,,,2587.517602
Villodas - Airport,2/27/2018,,,2514.266096
Villodas - Airport,2/28/2018,,,2481.753937
Villodas - Airport,3/1/2018,,,2489.01669
Villodas - Airport,3/2/2018,,,2546.514541
Villodas - Airport,3/3/2018,,,2642.479552
Villodas - Airport,3/4/2018,,,2690.716382
Villodas - Airport,3/5/2018,,,2481.552681
Villodas - Airport,3/6/2018,,,2414.280873
Villodas - Airport,3/7/2018,,,2308.405149
Villodas - Airport,3/8/2018,,,2191.380155
Villodas - Airport,3/9/2018,,,2187.37668
Villodas - Airport,3/10/2018,,,2125.294244
Villodas - Airport,3/11/2018,,,2159.866721
Villodas - Airport,3/12/2018,,,2086.934448
Villodas - Airport,3/13/2018,,,2070.681123
Villodas - Airport,3/14/2018,,,2040.405024
Villodas - Airport,3/15/2018,,,2029.275959
Villodas - Airport,3/16/2018,,,1970.338498
Villodas - Airport,3/17/2018,,,2010.805354
Villodas - Airport,3/18/2018,,,1957.76166
Villodas - Airport,3/19/2018,,,1931.906038
Villodas - Airport,3/20/2018,,,1887.172197
Villodas - Airport,3/21/2018,,,1878.783556
Villodas - Airport,3/22/2018,,,1887.90925
Villodas - Airport,3/23/2018,,,1895.084438
Villodas - Airport,3/24/2018,,,1950.143954
Villodas - Airport,3/25/2018,,,2004.332927
Villodas - Airport,3/26/2018,,,2042.831724
Villodas - Airport,3/27/2018,,,2127.952613
Villodas - Airport,3/28/2018,,,2148.867269
Villodas - Airport,3/29/2018,,,2097.928185
Villodas - Airport,3/30/2018,,,2001.926842
Villodas - Airport,3/31/2018,,,1942.706888
Villodas - Airport,4/1/2018,,,2011.526894
Villodas - Airport,4/2/2018,,,2018.280794
Villodas - Airport,4/3/2018,,,1999.119674
Villodas - Airport,4/4/2018,,,2034.844574
Villodas - Airport,4/5/2018,,,2037.508862
Villodas - Airport,4/6/2018,,,2036.403794
Villodas - Airport,4/7/2018,,,2068.404037
Villodas - Airport,4/8/2018,,,2034.140588
Villodas - Airport,4/9/2018,,,2023.663257
Villodas - Airport,4/10/2018,,,2016.912215
Villodas - Airport,4/11/2018,,,2033.915859
Villodas - Airport,4/12/2018,,,2106.712397
Villodas - Airport,4/13/2018,,,2131.620118
Villodas - Airport,4/14/2018,,,2196.120478
Villodas - Airport,4/15/2018,,,2207.284037
Villodas - Airport,4/16/2018,,,2327.71915
Villodas - Airport,4/17/2018,,,2404.866563
Villodas - Airport,4/18/2018,,,2441.442207
Villodas - Airport,4/19/2018,,,2382.500255
Villodas - Airport,4/20/2018,,,2489.050777
Villodas - Airport,4/21/2018,,,2531.22014
Villodas - Airport,4/22/2018,,,2448.236724
Villodas - Airport,4/23/2018,,,2613.196258
Villodas - Airport,4/24/2018,,,2650.245648
Villodas - Airport,4/25/2018,,,2649.770473
Villodas - Airport,4/26/2018,,,2828.733596
Villodas - Airport,4/27/2018,,,2837.087946
Villodas - Airport,4/28/2018,,,2671.118664
Villodas - Airport,4/29/2018,,,2710.327571
Villodas - Airport,4/30/2018,,,2652.985867
Villodas - Airport,5/1/2018,,,2791.675633
Villodas - Airport,5/2/2018,,,2825.997867
Villodas - Airport,5/3/2018,,,2916.995173
Villodas - Airport,5/4/2018,,,2985.503498
Villodas - Airport,5/5/2018,,,2953.755334
Villodas - Airport,5/6/2018,,,2975.727704
Villodas - Airport,5/7/2018,,,3036.131718
Villodas - Airport,5/8/2018,,,3060.194206
Villodas - Airport,5/9/2018,,,3112.894991
Villodas - Airport,5/10/2018,,,3094.20476
Villodas - Airport,5/11/2018,,,3033.195347
Villodas - Airport,5/12/2018,,,3175.011513
Villodas - Airport,5/13/2018,,,3177.982584
Villodas - Airport,5/14/2018,,,3152.661126
Villodas - Airport,5/15/2018,,,3091.47046
Villodas - Airport,5/16/2018,,,3043.516939
Villodas - Airport,5/17/2018,,,3022.517781
Villodas - Airport,5/18/2018,,,3033.422524
Villodas - Airport,5/19/2018,,,3169.386156
Villodas - Airport,5/20/2018,,,3102.406025
Villodas - Airport,5/21/2018,,,3011.139699
Villodas - Airport,5/22/2018,,,3062.756438
Villodas - Airport,5/23/2018,,,3151.131094
Villodas - Airport,5/24/2018,,,3262.879561
Villodas - Airport,5/25/2018,,,3384.534045
Villodas - Airport,5/26/2018,,,3399.096292
Villodas - Airport,5/27/2018,,,3463.235168
Villodas - Airport,5/28/2018,,,3510.842105
Villodas - Airport,5/29/2018,,,3543.254861
Villodas - Airport,5/30/2018,,,3650.98087
Villodas - Airport,5/31/2018,,,3715.62064
Villodas - Airport,6/1/2018,,,3665.923584
Villodas - Airport,6/2/2018,,,3688.838957
Villodas - Airport,6/3/2018,,,3679.237883
Villodas - Airport,6/4/2018,,,3800.923189
Villodas - Airport,6/5/2018,,,3797.275688
Villodas - Airport,6/6/2018,,,3994.835966
Villodas - Airport,6/7/2018,,,4018.110577
Villodas - Airport,6/8/2018,,,4044.785713
Villodas - Airport,6/9/2018,,,4192.799571
Villodas - Airport,6/10/2018,,,4162.633284
Villodas - Airport,6/11/2018,,,4071.42166
Villodas - Airport,6/12/2018,,,4179.441183
Villodas - Airport,6/13/2018,,,4172.549916
Villodas - Airport,6/14/2018,,,4145.960507
Villodas - Airport,6/15/2018,,,4050.60702
Villodas - Airport,6/16/2018,,,4031.289753
Villodas - Airport,6/17/2018,,,3967.408468
Villodas - Airport,6/18/2018,,,3912.064011
Villodas - Airport,6/19/2018,,,3949.252606
Villodas - Airport,6/20/2018,,,4089.928597
Villodas - Airport,6/21/2018,,,4179.941261
Villodas - Airport,6/22/2018,,,4267.263305
Villodas - Airport,6/23/2018,,,4291.070244
Villodas - Airport,6/24/2018,,,4028.6322
Villodas - Airport,6/25/2018,,,3882.454952
Villodas - Airport,6/26/2018,,,4041.777494
Villodas - Airport,6/27/2018,,,4097.623253
Villodas - Airport,6/28/2018,,,4108.023225
Villodas - Airport,6/29/2018,,,4136.916663
Villodas - Airport,6/30/2018,,,4115.266384
Villodas - Airport,7/1/2018,,,4175.678154
Villodas - Airport,7/2/2018,,,4287.942822
Villodas - Airport,7/3/2018,,,4250.917518
Villodas - Airport,7/4/2018,,,4180.422559
Villodas - Airport,7/5/2018,,,4220.850838
Villodas - Airport,7/6/2018,,,4209.383354
Villodas - Airport,7/7/2018,,,4234.680319
Villodas - Airport,7/8/2018,,,4341.335142
Villodas - Airport,7/9/2018,,,4439.558869
Villodas - Airport,7/10/2018,,,4295.251705
Villodas - Airport,7/11/2018,,,4133.38224
Villodas - Airport,7/12/2018,,,4055.599218
Villodas - Airport,7/13/2018,,,4078.115754
Villodas - Airport,7/14/2018,,,4181.985658
Villodas - Airport,7/15/2018,,,4253.976357
Villodas - Airport,7/16/2018,,,4255.658249
Villodas - Airport,7/17/2018,,,4256.3853
Villodas - Airport,7/18/2018,,,4308.09287
Villodas - Airport,7/19/2018,,,4435.097772
Villodas - Airport,7/20/2018,,,4537.31885
Villodas - Airport,7/21/2018,,,4361.118603
Villodas - Airport,7/22/2018,,,4328.612771
Villodas - Airport,7/23/2018,,,4317.448191
Villodas - Airport,7/24/2018,,,4313.674548
Villodas - Airport,7/25/2018,,,4335.217055
Villodas - Airport,7/26/2018,,,4339.783066
Villodas - Airport,7/27/2018,,,4273.377718
Villodas - Airport,7/28/2018,,,4286.309509
Villodas - Airport,7/29/2018,,,4323.663436
Villodas - Airport,7/30/2018,,,4537.212303
Villodas - Airport,7/31/2018,,,4491.259499
Villodas - Airport,8/1/2018,,,4465.253854
Villodas - Airport,8/2/2018,,,4388.473844
Villodas - Airport,8/3/2018,,,4403.157334
Villodas - Airport,8/4/2018,,,4527.047878
Villodas - Airport,8/5/2018,,,4585.406678
Villodas - Airport,8/6/2018,,,4570.528872
Villodas - Airport,8/7/2018,,,4535.410393
Villodas - Airport,8/8/2018,,,4572.052781
Villodas - Airport,8/9/2018,,,4570.797485
Villodas - Airport,8/10/2018,,,4468.40536
Villodas - Airport,8/11/2018,,,4473.21794
Villodas - Airport,8/12/2018,,,4386.830325
Villodas - Airport,8/13/2018,,,4381.190271
Villodas - Airport,8/14/2018,,,4419.223894
Villodas - Airport,8/15/2018,,,4474.93943
Villodas - Airport,8/16/2018,,,4571.306952
Villodas - Airport,8/17/2018,,,4648.52458
Villodas - Airport,8/18/2018,,,4563.108952
Villodas - Airport,8/19/2018,,,4490.389977
Villodas - Airport,8/20/2018,,,4532.452793
Villodas - Airport,8/21/2018,,,4517.682351
Villodas - Airport,8/22/2018,,,4513.429858
Villodas - Airport,8/23/2018,,,4477.713735
Villodas - Airport,8/24/2018,,,4505.897676
Villodas - Airport,8/25/2018,,,4507.097044
Villodas - Airport,8/26/2018,,,4487.293581
Villodas - Airport,8/27/2018,,,4510.445316
Villodas - Airport,8/28/2018,,,4623.481532
Villodas - Airport,8/29/2018,,,4597.969025
Villodas - Airport,8/30/2018,,,4583.426781
Villodas - Airport,8/31/2018,,,4514.593303
Villodas - Airport,9/1/2018,,,4443.984449
Villodas - Airport,9/2/2018,,,4366.842751
Villodas - Airport,9/3/2018,,,4423.605387
Villodas - Airport,9/4/2018,,,4542.746218
Villodas - Airport,9/5/2018,,,4525.939135
Villodas - Airport,9/6/2018,,,4474.963515
Villodas - Airport,9/7/2018,,,4466.459754
Villodas - Airport,9/8/2018,,,4500.092698
Villodas - Airport,9/9/2018,,,4496.006762
Villodas - Airport,9/10/2018,,,4471.59524
Villodas - Airport,9/11/2018,,,4489.903779
Villodas - Airport,9/12/2018,,,4542.585785
Villodas - Airport,9/13/2018,,,4636.167571
Villodas - Airport,9/14/2018,,,4733.36216
Villodas - Airport,9/15/2018,,,4673.086737
Villodas - Airport,9/16/2018,,,4655.668948
Villodas - Airport,9/17/2018,,,4608.013431
Villodas - Airport,9/18/2018,,,4758.439498
Villodas - Airport,9/19/2018,,,4894.077569
Villodas - Airport,9/20/2018,,,4784.442694
Villodas - Airport,9/21/2018,,,4784.599453
Villodas - Airport,9/22/2018,,,4682.791092
Villodas - Airport,9/23/2018,,,4682.194673
Villodas - Airport,9/24/2018,,,4697.79014
Villodas - Airport,9/25/2018,,,4864.679155
Villodas - Airport,9/26/2018,,,4870.486174
Villodas - Airport,9/27/2018,,,4795.419898
Villodas - Airport,9/28/2018,,,4805.450833
Villodas - Airport,9/29/2018,,,4769.125229
Villodas - Airport,9/30/2018,,,4653.588218
Villodas - Airport,10/1/2018,,,4601.017658
Villodas - Airport,10/2/2018,,,4556.983109
Villodas - Airport,10/3/2018,,,4555.106085
Villodas - Airport,10/4/2018,,,4668.780767
Villodas - Airport,10/5/2018,,,4810.307501
Villodas - Airport,10/6/2018,,,4609.731656
Villodas - Airport,10/7/2018,,,4471.312748
Villodas - Airport,10/8/2018,,,4395.277343
Villodas - Airport,10/9/2018,,,4408.819024
Villodas - Airport,10/10/2018,,,4402.24903
Villodas - Airport,10/11/2018,,,4372.978392
Villodas - Airport,10/12/2018,,,4368.857348
Villodas - Airport,10/13/2018,,,4384.049079
Villodas - Airport,10/14/2018,,,4346.4196
Villodas - Airport,10/15/2018,,,4441.87841
Villodas - Airport,10/16/2018,,,4444.347771
Villodas - Airport,10/17/2018,,,4366.482696
Villodas - Airport,10/18/2018,,,4347.129505
Villodas - Airport,10/19/2018,,,4376.384632
Villodas - Airport,10/20/2018,,,4455.525006
Villodas - Airport,10/21/2018,,,4504.928547
Villodas - Airport,10/22/2018,,,4443.088801
Villodas - Airport,10/23/2018,,,4373.407029
Villodas - Airport,10/24/2018,,,4323.557705
Villodas - Airport,10/25/2018,,,4307.27356
Villodas - Airport,10/26/2018,,,4327.302773
Villodas - Airport,10/27/2018,,,4290.961656
Villodas - Airport,10/28/2018,,,4217.33601
Villodas - Airport,10/29/2018,,,4115.426817
Villodas - Airport,10/30/2018,,,3961.505925
Villodas - Airport,10/31/2018,,,3866.281028
Villodas - Airport,11/1/2018,,,3894.230647
Villodas - Airport,11/2/2018,,,3865.2772
Villodas - Airport,11/3/2018,,,3713.672176
Villodas - Airport,11/4/2018,,,3763.812973
Villodas - Airport,11/5/2018,,,3793.394272
Villodas - Airport,11/6/2018,,,3629.39999
Villodas - Airport,11/7/2018,,,3572.64511
Villodas - Airport,11/8/2018,,,3584.576747
Villodas - Airport,11/9/2018,,,3618.014559
Villodas - Airport,11/10/2018,,,3667.74264
Villodas - Airport,11/11/2018,,,3625.185054
Villodas - Airport,11/12/2018,,,3678.126283
Villodas - Airport,11/13/2018,,,3736.572444
Villodas - Airport,11/14/2018,,,3702.988487
Villodas - Airport,11/15/2018,,,3672.609514
Villodas - Airport,11/16/2018,,,3679.962485
Villodas - Airport,11/17/2018,,,3675.903083
Villodas - Airport,11/18/2018,,,3577.99165
Villodas - Airport,11/19/2018,,,3539.696761
Villodas - Airport,11/20/2018,,,3463.807909
Villodas - Airport,11/21/2018,,,3378.803773
Villodas - Airport,11/22/2018,,,3322.953932
Villodas - Airport,11/23/2018,,,3307.308048
Villodas - Airport,11/24/2018,,,3319.826919
Villodas - Airport,11/25/2018,,,3368.402373
Villodas - Airport,11/26/2018,,,3456.457387
Villodas - Airport,11/27/2018,,,3411.093245
Villodas - Airport,11/28/2018,,,3325.973173
Villodas - Airport,11/29/2018,,,3282.650366
Villodas - Airport,11/30/2018,,,3241.302966
Villodas - Airport,12/1/2018,,,3203.355479
Villodas - Airport,12/2/2018,,,3145.742712
Villodas - Airport,12/3/2018,,,3203.015018
Villodas - Airport,12/4/2018,,,3191.040109
Villodas - Airport,12/5/2018,,,3122.105187
Villodas - Airport,12/6/2018,,,3096.843534
Villodas - Airport,12/7/2018,,,3152.991789
Villodas - Airport,12/8/2018,,,3140.817054
Villodas - Airport,12/9/2018,,,3057.243547
Villodas - Airport,12/10/2018,,,3088.338753
Villodas - Airport,12/11/2018,,,2986.059094
Villodas - Airport,12/12/2018,,,2845.392492
Villodas - Airport,12/13/2018,,,2815.972443
Villodas - Airport,12/14/2018,,,2951.691751
Villodas - Airport,12/15/2018,,,2890.240228
Villodas - Airport,12/16/2018,,,2823.629339
Villodas - Airport,12/17/2018,,,2732.338314
Villodas - Airport,12/18/2018,,,2607.824817
Villodas - Airport,12/19/2018,,,2564.063371
Villodas - Airport,12/20/2018,,,2577.554024
Villodas - Airport,12/21/2018,,,2497.531881
Villodas - Airport,12/22/2018,,,2589.170102
Villodas - Airport,12/23/2018,,,2645.951312
Villodas - Airport,12/24/2018,,,2564.682242
Villodas - Airport,12/25/2018,,,2564.63897
Villodas - Airport,12/26/2018,,,2552.767751
Villodas - Airport,12/27/2018,,,2592.936397
Villodas - Airport,12/28/2018,,,2583.748449
Villodas - Airport,12/29/2018,,,2578.833405
Villodas - Airport,12/30/2018,,,2481.340404
Villodas - Airport,12/31/2018,,,2506.915778
Villodas - Airport,1/1/2019,,,2479.397859
Villodas - Airport,1/2/2019,,,2398.73378
Villodas - Airport,1/3/2019,,,2368.822839
Villodas - Airport,1/4/2019,,,2368.487073
Villodas - Airport,1/5/2019,,,2331.945516
Villodas - Airport,1/6/2019,,,2297.233834
Villodas - Airport,1/7/2019,,,2279.033271
Villodas - Airport,1/8/2019,,,2173.603942
Villodas - Airport,1/9/2019,,,2274.124146
Villodas - Airport,1/10/2019,,,2253.361963
Villodas - Airport,1/11/2019,,,2271.730103
Villodas - Airport,1/12/2019,,,2303.298851
Villodas - Airport,1/13/2019,,,2276.290807
Villodas - Airport,1/14/2019,,,2218.247769
Villodas - Airport,1/15/2019,,,2195.194212
Villodas - Airport,1/16/2019,,,2241.692407
Villodas - Airport,1/17/2019,,,2331.997769
Villodas - Airport,1/18/2019,,,2367.326485
Villodas - Airport,1/19/2019,,,2343.157246
Villodas - Airport,1/20/2019,,,2314.239315
Villodas - Airport,1/21/2019,,,2293.074825
Villodas - Airport,1/22/2019,,,2261.874297
Villodas - Airport,1/23/2019,,,2219.314873
Villodas - Airport,1/24/2019,,,2193.0647
Villodas - Airport,1/25/2019,,,2168.912606
Villodas - Airport,1/26/2019,,,2173.329614
Villodas - Airport,1/27/2019,,,2170.353237
Villodas - Airport,1/28/2019,,,2212.570567
Villodas - Airport,1/29/2019,,,2161.737214
Villodas - Airport,1/30/2019,,,2180.636252
Villodas - Airport,1/31/2019,,,2135.42397
Villodas - Airport,2/1/2019,,,2110.229674
Villodas - Airport,2/2/2019,,,2020.004733
Villodas - Airport,2/3/2019,,,2055.693709
Villodas - Airport,2/4/2019,,,2032.7269
Villodas - Airport,2/5/2019,,,2006.278125
Villodas - Airport,2/6/2019,,,2077.322965
Villodas - Airport,2/7/2019,,,2126.674048
Villodas - Airport,2/8/2019,,,2154.618564
Villodas - Airport,2/9/2019,,,2240.940454
Villodas - Airport,2/10/2019,,,2365.381492
Villodas - Airport,2/11/2019,,,2365.127575
Villodas - Airport,2/12/2019,,,2365.27474
Villodas - Airport,2/13/2019,,,2316.235133
Villodas - Airport,2/14/2019,,,2307.941813
Villodas - Airport,2/15/2019,,,2269.49833
Villodas - Airport,2/16/2019,,,2225.859964
Villodas - Airport,2/17/2019,,,2287.241884
Villodas - Airport,2/18/2019,,,2199.515083
Villodas - Airport,2/19/2019,,,2184.579513
Villodas - Airport,2/20/2019,,,2293.778199
Villodas - Airport,2/21/2019,,,2357.998312
Villodas - Airport,2/22/2019,,,2393.50726
Villodas - Airport,2/23/2019,,,2220.243792
Villodas - Airport,2/24/2019,,,2123.730737
Villodas - Airport,2/25/2019,,,2088.767588
Villodas - Airport,2/26/2019,,,2063.561862
Villodas - Airport,2/27/2019,,,2110.897124
Villodas - Airport,2/28/2019,,,2137.567974
Villodas - Airport,3/1/2019,,,2158.924535
Villodas - Airport,3/2/2019,,,2105.583856
Villodas - Airport,3/3/2019,,,2094.863834
Villodas - Airport,3/4/2019,,,2133.496121
Villodas - Airport,3/5/2019,,,2175.16602
Villodas - Airport,3/6/2019,,,2130.983285
Villodas - Airport,3/7/2019,,,2114.264175
Villodas - Airport,3/8/2019,,,2100.259769
Villodas - Airport,3/9/2019,,,2165.703336
Villodas - Airport,3/10/2019,,,2184.803221
Villodas - Airport,3/11/2019,,,2178.906801
Villodas - Airport,3/12/2019,,,2210.094879
Villodas - Airport,3/13/2019,,,2180.189244
Villodas - Airport,3/14/2019,,,2146.688565
Villodas - Airport,3/15/2019,,,2119.839525
Villodas - Airport,3/16/2019,,,2082.569897
Villodas - Airport,3/17/2019,,,2045.149429
Villodas - Airport,3/18/2019,,,1990.18156
Villodas - Airport,3/19/2019,,,1897.909976
Villodas - Airport,3/20/2019,,,1954.194783
Villodas - Airport,3/21/2019,,,1921.908781
Villodas - Airport,3/22/2019,,,1913.929183
Villodas - Airport,3/23/2019,,,1875.634703
Villodas - Airport,3/24/2019,,,1905.358064
Villodas - Airport,3/25/2019,,,1933.78245
Villodas - Airport,3/26/2019,,,1933.535473
Villodas - Airport,3/27/2019,,,1819.347447
Villodas - Airport,3/28/2019,,,1762.442544
Villodas - Airport,3/29/2019,,,1702.353069
Villodas - Airport,3/30/2019,,,1692.960803
Villodas - Airport,3/31/2019,,,1687.308707
Villodas - Airport,4/1/2019,,,1702.181818
Villodas - Airport,4/2/2019,,,1733.712601
Villodas - Airport,4/3/2019,,,1727.283242
Villodas - Airport,4/4/2019,,,1725.050652
Villodas - Airport,4/5/2019,,,1678.202608
Villodas - Airport,4/6/2019,,,1612.702093
Villodas - Airport,4/7/2019,,,1599.198989
Villodas - Airport,4/8/2019,,,1551.794941
Villodas - Airport,4/9/2019,,,1484.81134
Villodas - Airport,4/10/2019,,,1452.140381
Villodas - Airport,4/11/2019,,,1414.333936
Villodas - Airport,4/12/2019,,,1383.621442
Villodas - Airport,4/13/2019,,,1384.15683
Villodas - Airport,4/14/2019,,,1397.324576
Villodas - Airport,4/15/2019,,,1411.843143
Villodas - Airport,4/16/2019,,,1352.068818
Villodas - Airport,4/17/2019,,,1311.271299
Villodas - Airport,4/18/2019,,,1258.954554
Villodas - Airport,4/19/2019,,,1283.324946
Villodas - Airport,4/20/2019,,,1284.306322
Villodas - Airport,4/21/2019,,,1308.982987
Villodas - Airport,4/22/2019,,,1329.912747
Villodas - Airport,4/23/2019,,,1375.606328
Villodas - Airport,4/24/2019,,,1311.331921
Villodas - Airport,4/25/2019,,,1253.372672
Villodas - Airport,4/26/2019,,,1240.878397
Villodas - Airport,4/27/2019,,,1264.705543
Villodas - Airport,4/28/2019,,,1332.898718
Villodas - Airport,4/29/2019,,,1392.428107
Villodas - Airport,4/30/2019,,,1342.481012
Villodas - Airport,5/1/2019,,,1378.318379
Villodas - Airport,5/2/2019,,,1383.117282
Villodas - Airport,5/3/2019,,,1384.122335
Villodas - Airport,5/4/2019,,,1417.622606
Villodas - Airport,5/5/2019,,,1476.479238
Villodas - Airport,5/6/2019,,,1536.404403
Villodas - Airport,5/7/2019,,,1551.743096
Villodas - Airport,5/8/2019,,,1563.834145
Villodas - Airport,5/9/2019,,,1676.678699
Villodas - Airport,5/10/2019,,,1760.188931
Villodas - Airport,5/11/2019,,,1801.095651
Villodas - Airport,5/12/2019,,,1845.429634
Villodas - Airport,5/13/2019,,,1902.984841
Villodas - Airport,5/14/2019,,,1830.147684
Villodas - Airport,5/15/2019,,,1823.495434
Villodas - Airport,5/16/2019,,,1881.260673
Villodas - Airport,5/17/2019,,,2016.707285
Villodas - Airport,5/18/2019,,,2125.253625
Villodas - Airport,5/19/2019,,,2227.245076
Villodas - Airport,5/20/2019,,,2255.364313
Villodas - Airport,5/21/2019,,,2300.456372
Villodas - Airport,5/22/2019,,,2340.032682
Villodas - Airport,5/23/2019,,,2363.736544
Villodas - Airport,5/24/2019,,,2470.564047
Villodas - Airport,5/25/2019,,,2457.513462
Villodas - Airport,5/26/2019,,,2615.877896
Villodas - Airport,5/27/2019,,,2697.241471
Villodas - Airport,5/28/2019,,,2804.053257
Villodas - Airport,5/29/2019,,,2859.761648
Villodas - Airport,5/30/2019,,,2876.280115
Villodas - Airport,5/31/2019,,,2908.94291
